id,relative_path
1,COP22to25/LargeScaleScheduling-00100-0_c23.xml.lzma
2,COP22to25/RIP-25-0-j060-01-01_c23.xml.lzma
3,COP22to25/RIP-25-2-j060-20-01_c23.xml.lzma
4,COP22to25/RIP-25-1-j060-10-01_c23.xml.lzma
5,COP22to25/RIP-25-3-j060-30-01_c23.xml.lzma
6,COP22to25/CarpetCutting-test02_c23.xml.lzma
7,COP22to25/TestScheduling-t020m10r05-1_c24.xml.lzma
8,COP22to25/RCPSP-j120-01-03_c22.xml.lzma
9,COP22to25/RCPSP-j120-01-05_c22.xml.lzma
10,COP22to25/RCPSP-j120-01-08_c22.xml.lzma
11,COP22to25/TestScheduling-t020m10r10-1_c24.xml.lzma
12,COP22to25/RCPSP-j120-01-10_c22.xml.lzma
13,COP22to25/RCPSP-j120-01-01_c22.xml.lzma
14,COP22to25/RCPSP-j120-01-04_c22.xml.lzma
15,COP22to25/RCPSP-j120-01-06_c22.xml.lzma
16,COP22to25/RCPSP-j120-01-07_c22.xml.lzma
17,COP22to25/RCPSP-j120-01-09_c22.xml.lzma
18,COP22to25/RCPSP-j120-01-02_c22.xml.lzma
19,COP22to25/TestScheduling-t020m10r03-1_c24.xml.lzma
20,COP22to25/RIP-25-0-j090-01-01_c23.xml.lzma
21,COP22to25/RIP-25-2-j090-20-01_c23.xml.lzma
22,COP22to25/CarpetCutting-test01_c23.xml.lzma
23,COP22to25/CarpetCutting-test11_c23.xml.lzma
24,COP22to25/RIP-25-1-j090-10-01_c23.xml.lzma
25,COP22to25/CarpetCutting-test12_c23.xml.lzma
26,COP22to25/RIP-25-3-j090-30-01_c23.xml.lzma
27,COP22to25/RIP-25-0-j120-01-01_c23.xml.lzma
28,COP22to25/RIP-25-1-j120-10-01_c23.xml.lzma
29,COP22to25/LargeScaleScheduling-00200-0_c23.xml.lzma
30,COP22to25/RIP-25-3-j120-30-01_c23.xml.lzma
31,COP22to25/RIP-25-2-j120-20-01_c23.xml.lzma
32,COP22to25/TestScheduling-t030m10r03-1_c24.xml.lzma
33,COP22to25/CarpetCutting-test03_c23.xml.lzma
34,COP22to25/TestScheduling-t030m10r10-1_c24.xml.lzma
35,COP22to25/TestScheduling-t030m20r05-1_c24.xml.lzma
36,COP22to25/Cargo-24_c24.xml.lzma
37,COP22to25/TestScheduling-t030m10r05-1_c24.xml.lzma
38,COP22to25/Cargo-01-0s-1913_c24.xml.lzma
39,COP22to25/Cargo-04-1s-626_c24.xml.lzma
40,COP22to25/Cargo-22_c24.xml.lzma
41,COP22to25/Cargo-02-0s-1139_c24.xml.lzma
42,COP22to25/TestScheduling-t030m20r03-1_c24.xml.lzma
43,COP22to25/TestScheduling-t030m20r10-1_c24.xml.lzma
44,COP22to25/Cargo-25_c24.xml.lzma
45,COP22to25/Cargo-05-1s-954_c24.xml.lzma
46,COP22to25/CarpetCutting-test13_c23.xml.lzma
47,COP22to25/CarpetCutting-test16_c23.xml.lzma
48,COP22to25/CarpetCutting-test05_c23.xml.lzma
49,COP22to25/Cargo-06-1s-3927_c24.xml.lzma
50,COP22to25/CarpetCutting-test04_c23.xml.lzma
51,COP22to25/Cargo-07-1s-133_c24.xml.lzma
52,COP22to25/VRP_LC-09-05-10-s1_c24.xml.lzma
53,COP22to25/VRP_LC-09-05-10-s2_c24.xml.lzma
54,COP22to25/VRP_LC-09-05-10-s3_c24.xml.lzma
55,COP22to25/Cargo-09-1s-18_c24.xml.lzma
56,COP22to25/CarpetCutting-test15_c23.xml.lzma
57,COP22to25/Cargo-10-15966f-2060_c24.xml.lzma
58,COP22to25/Cargo-08-222f-3475_c24.xml.lzma
59,COP22to25/CarpetCutting-test07_c23.xml.lzma
60,COP22to25/CarpetCutting-test19_c23.xml.lzma
61,COP22to25/CarpetCutting-test14_c23.xml.lzma
62,COP22to25/CarpetCutting-test06_c23.xml.lzma
63,COP22to25/CarpetCutting-test09_c23.xml.lzma
64,COP22to25/VRP_LC-09-05-15-s2_c24.xml.lzma
65,COP22to25/VRP_LC-09-05-15-s3_c24.xml.lzma
66,COP22to25/FlexibleJobshopScen-dh-5-16-005_c25.xml.lzma
67,COP22to25/VRP_LC-11-05-15-s3_c24.xml.lzma
68,COP22to25/VRP_LC-11-05-15-s4_c24.xml.lzma
69,COP22to25/CarpetCutting-test18_c23.xml.lzma
70,COP22to25/FlexibleJobshopScen-dh-6-18-005_c25.xml.lzma
71,COP22to25/CarpetCutting-test17_c23.xml.lzma
72,COP22to25/LargeScaleScheduling-00400-0_c23.xml.lzma
73,COP22to25/CarpetCutting-test08_c23.xml.lzma
74,COP22to25/TestScheduling-t050m10r03-1_c24.xml.lzma
75,COP22to25/CarpetCutting-test20_c23.xml.lzma
76,COP22to25/VRP_LC-13-11-15-s3_c24.xml.lzma
77,COP22to25/TestScheduling-t050m10r10-1_c24.xml.lzma
78,COP22to25/CarpetCutting-test10_c23.xml.lzma
79,COP22to25/TestScheduling-t050m10r05-1_c24.xml.lzma
80,COP22to25/FlexibleJobshopScen-dh-5-20-005_c25.xml.lzma
81,COP22to25/VRP_LC-10-05-20-s3_c24.xml.lzma
82,COP22to25/Cargo-12-1422f-1644_c24.xml.lzma
83,COP22to25/AircraftAssemblyLine-2-178-70-0_c23.xml.lzma
84,COP22to25/AircraftAssemblyLine-2-178-70-1_c23.xml.lzma
85,COP22to25/AircraftAssemblyLine-2-178-70-2_c23.xml.lzma
86,COP22to25/TestScheduling-t050m20r03-1_c24.xml.lzma
87,COP22to25/TestScheduling-t050m20r10-1_c24.xml.lzma
88,COP22to25/TestScheduling-t050m20r05-1_c24.xml.lzma
89,COP22to25/VRP_LC-13-11-20-s4_c24.xml.lzma
90,COP22to25/AircraftAssemblyLine-2-178-50-0_c23.xml.lzma
91,COP22to25/Cargo-16-10720f-4243_c24.xml.lzma
92,COP22to25/AircraftAssemblyLine-2-178-50-1_c23.xml.lzma
93,COP22to25/AircraftAssemblyLine-2-178-50-2_c23.xml.lzma
94,COP22to25/IHTC-i01_c25.xml.lzma
95,COP22to25/AircraftAssemblyLine-2-178-20-0_c23.xml.lzma
96,COP22to25/AircraftAssemblyLine-2-178-20-2_c23.xml.lzma
97,COP22to25/AircraftAssemblyLine-2-178-20-1_c23.xml.lzma
98,COP22to25/AircraftAssemblyLine-1-178-70-1_c23.xml.lzma
99,COP22to25/Cargo-20-27613f-2435_c24.xml.lzma
100,COP22to25/Cargo-19-31058f-2548_c24.xml.lzma
101,COP22to25/AircraftAssemblyLine-1-178-70-0_c23.xml.lzma
102,COP22to25/AircraftAssemblyLine-1-178-70-2_c23.xml.lzma
103,COP22to25/AircraftAssemblyLine-2-178-00-0_c23.xml.lzma
104,COP22to25/IHTC-i02_c25.xml.lzma
105,COP22to25/AircraftAssemblyLine-1-178-50-1_c23.xml.lzma
106,COP22to25/AircraftAssemblyLine-1-178-50-0_c23.xml.lzma
107,COP22to25/AircraftAssemblyLine-1-178-50-2_c23.xml.lzma
108,COP22to25/IHTC-i03_c25.xml.lzma
109,COP22to25/AircraftAssemblyLine-1-178-20-0_c23.xml.lzma
110,COP22to25/AircraftAssemblyLine-1-178-20-1_c23.xml.lzma
111,COP22to25/AircraftAssemblyLine-1-178-20-2_c23.xml.lzma
112,COP22to25/LargeScaleScheduling-00800-0_c23.xml.lzma
113,COP22to25/AircraftAssemblyLine-1-178-00-0_c23.xml.lzma
114,COP22to25/IHTC-i04_c25.xml.lzma
115,COP22to25/FlexibleJobshopScen-dh-5-16-020_c25.xml.lzma
116,COP22to25/FlexibleJobshopScen-dh-6-18-020_c25.xml.lzma
117,COP22to25/TestScheduling-t100m10r10-1_c24.xml.lzma
118,COP22to25/TestScheduling-t100m20r03-1_c24.xml.lzma
119,COP22to25/TestScheduling-t100m10r03-1_c24.xml.lzma
120,COP22to25/TestScheduling-t100m10r05-1_c24.xml.lzma
121,COP22to25/TestScheduling-t100m20r05-1_c24.xml.lzma
122,COP22to25/TestScheduling-t100m20r10-1_c24.xml.lzma
123,COP22to25/FlexibleJobshopScen-dh-5-20-020_c25.xml.lzma
124,COP22to25/IHTC-i07_c25.xml.lzma
125,COP22to25/LargeScaleScheduling-01600-0_c23.xml.lzma
126,COP22to25/IHTC-i05_c25.xml.lzma
127,COP22to25/IHTC-i06_c25.xml.lzma
128,COP22to25/IHTC-i09_c25.xml.lzma
129,COP22to25/AircraftAssemblyLine-3-628-150-2_c24.xml.lzma
130,COP22to25/AircraftAssemblyLine-3-628-150-0_c24.xml.lzma
131,COP22to25/AircraftAssemblyLine-3-628-150-1_c24.xml.lzma
132,COP22to25/IHTC-i11_c25.xml.lzma
133,COP22to25/IHTC-i12_c25.xml.lzma
134,COP22to25/AircraftAssemblyLine-3-628-100-2_c24.xml.lzma
135,COP22to25/AircraftAssemblyLine-3-628-100-0_c24.xml.lzma
136,COP22to25/IHTC-i10_c25.xml.lzma
137,COP22to25/AircraftAssemblyLine-3-628-100-1_c24.xml.lzma
138,COP22to25/AircraftAssemblyLine-3-628-070-2_c24.xml.lzma
139,COP22to25/AircraftAssemblyLine-3-628-070-1_c24.xml.lzma
140,COP22to25/AircraftAssemblyLine-3-628-070-0_c24.xml.lzma
141,COP22to25/AircraftAssemblyLine-3-628-050-2_c24.xml.lzma
142,COP22to25/AircraftAssemblyLine-3-628-050-1_c24.xml.lzma
143,COP22to25/AircraftAssemblyLine-3-628-050-0_c24.xml.lzma
144,COP22to25/AircraftAssemblyLine-3-628-020-1_c24.xml.lzma
145,COP22to25/AircraftAssemblyLine-3-628-000-0_c24.xml.lzma
146,COP22to25/AircraftAssemblyLine-3-628-020-0_c24.xml.lzma
147,COP22to25/AircraftAssemblyLine-3-628-020-2_c24.xml.lzma
148,COP22to25/LargeScaleScheduling-03200-0_c23.xml.lzma
149,COP22to25/IHTC-i16_c25.xml.lzma
150,COP22to25/IHTC-i08_c25.xml.lzma
151,COP22to25/FlexibleJobshopScen-dh-5-16-080_c25.xml.lzma
152,COP22to25/FlexibleJobshopScen-dh-6-18-080_c25.xml.lzma
153,COP22to25/FlexibleJobshopScen-dh-5-20-080_c25.xml.lzma
154,COP22to25/IHTC-i18_c25.xml.lzma
155,COP22to25/LargeScaleScheduling-06400-0_c23.xml.lzma
156,COP22to25/IHTC-i29_c25.xml.lzma
157,COP22to25/IHTC-i30_c25.xml.lzma
158,COP22to25/LargeScaleScheduling-12800-0_c23.xml.lzma
159,COP22to25/FlexibleJobshopScen-dh-6-18-200_c25.xml.lzma
160,COP22to25/FlexibleJobshopScen-dh-5-16-200_c25.xml.lzma
161,COP22to25/FlexibleJobshopScen-dh-5-20-200_c25.xml.lzma
162,COP22to25/FlexibleJobshopScen-dh-6-18-400_c25.xml.lzma
163,COP22to25/FlexibleJobshopScen-dh-5-16-400_c25.xml.lzma
164,COP22to25/LargeScaleScheduling-25600-0_c23.xml.lzma
165,COP22to25/FlexibleJobshopScen-dh-5-20-400_c25.xml.lzma
