instance_id,instance,family,target_run,target_status,target_validation,target_detail,any_kat_incumbent,kat_incumbent_run_count,kat_incumbent_runs,any_external_incumbent,external_incumbent_run_count,external_incumbent_runs
1,competition/2022-2025/COP22to25/AircraftAssemblyLine-1-178-00-0_c23.xml.lzma,AircraftAssemblyLine,1173b3f4-direct-order-extprop8196-s40-20260512,unknown,skipped_no_incumbent,,0,0,,1,4,ace64g-rr-20260505=26; pycsp3-extra-ortools-1t-rerun1-20260505=25.0; pycsp3-extra-ortools-1t-verbose1-20260509=25.0; pycsp3-extra-ortools-20260505=24.0
2,competition/2022-2025/COP22to25/AircraftAssemblyLine-1-178-20-0_c23.xml.lzma,AircraftAssemblyLine,1173b3f4-direct-order-extprop8196-s40-20260512,unknown,skipped_no_incumbent,,0,0,,1,4,ace64g-rr-20260505=26; pycsp3-extra-ortools-1t-rerun1-20260505=21.0; pycsp3-extra-ortools-1t-verbose1-20260509=21.0; pycsp3-extra-ortools-20260505=21.0
3,competition/2022-2025/COP22to25/AircraftAssemblyLine-1-178-20-1_c23.xml.lzma,AircraftAssemblyLine,1173b3f4-direct-order-extprop8196-s40-20260512,unknown,skipped_no_incumbent,,0,0,,1,4,ace64g-rr-20260505=25; pycsp3-extra-ortools-1t-rerun1-20260505=23.0; pycsp3-extra-ortools-1t-verbose1-20260509=23.0; pycsp3-extra-ortools-20260505=22.0
4,competition/2022-2025/COP22to25/AircraftAssemblyLine-1-178-20-2_c23.xml.lzma,AircraftAssemblyLine,1173b3f4-direct-order-extprop8196-s40-20260512,unknown,skipped_no_incumbent,,0,0,,1,4,ace64g-rr-20260505=24; pycsp3-extra-ortools-1t-rerun1-20260505=26.0; pycsp3-extra-ortools-1t-verbose1-20260509=26.0; pycsp3-extra-ortools-20260505=20.0
5,competition/2022-2025/COP22to25/AircraftAssemblyLine-1-178-50-0_c23.xml.lzma,AircraftAssemblyLine,1173b3f4-direct-order-extprop8196-s40-20260512,unknown,skipped_no_incumbent,,0,0,,1,4,ace64g-rr-20260505=23; pycsp3-extra-ortools-1t-rerun1-20260505=19.0; pycsp3-extra-ortools-1t-verbose1-20260509=19.0; pycsp3-extra-ortools-20260505=16.0
6,competition/2022-2025/COP22to25/AircraftAssemblyLine-1-178-50-1_c23.xml.lzma,AircraftAssemblyLine,1173b3f4-direct-order-extprop8196-s40-20260512,unknown,skipped_no_incumbent,,0,0,,1,4,ace64g-rr-20260505=24; pycsp3-extra-ortools-1t-rerun1-20260505=17.0; pycsp3-extra-ortools-1t-verbose1-20260509=17.0; pycsp3-extra-ortools-20260505=17.0
7,competition/2022-2025/COP22to25/AircraftAssemblyLine-1-178-50-2_c23.xml.lzma,AircraftAssemblyLine,1173b3f4-direct-order-extprop8196-s40-20260512,unknown,skipped_no_incumbent,,0,0,,1,4,ace64g-rr-20260505=19; pycsp3-extra-ortools-1t-rerun1-20260505=15.0; pycsp3-extra-ortools-1t-verbose1-20260509=15.0; pycsp3-extra-ortools-20260505=15.0
8,competition/2022-2025/COP22to25/AircraftAssemblyLine-1-178-70-0_c23.xml.lzma,AircraftAssemblyLine,1173b3f4-direct-order-extprop8196-s40-20260512,unknown,skipped_no_incumbent,,0,0,,1,4,ace64g-rr-20260505=17; pycsp3-extra-ortools-1t-rerun1-20260505=13.0; pycsp3-extra-ortools-1t-verbose1-20260509=13.0; pycsp3-extra-ortools-20260505=12.0
9,competition/2022-2025/COP22to25/AircraftAssemblyLine-1-178-70-1_c23.xml.lzma,AircraftAssemblyLine,1173b3f4-direct-order-extprop8196-s40-20260512,unknown,skipped_no_incumbent,,1,1,1d1a452a-log-scop=34,1,4,ace64g-rr-20260505=17; pycsp3-extra-ortools-1t-rerun1-20260505=14.0; pycsp3-extra-ortools-1t-verbose1-20260509=14.0; pycsp3-extra-ortools-20260505=14.0
10,competition/2022-2025/COP22to25/AircraftAssemblyLine-1-178-70-2_c23.xml.lzma,AircraftAssemblyLine,1173b3f4-direct-order-extprop8196-s40-20260512,unknown,skipped_no_incumbent,,0,0,,1,4,ace64g-rr-20260505=13; pycsp3-extra-ortools-1t-rerun1-20260505=12.0; pycsp3-extra-ortools-1t-verbose1-20260509=12.0; pycsp3-extra-ortools-20260505=11.0
11,competition/2022-2025/COP22to25/AircraftAssemblyLine-2-178-00-0_c23.xml.lzma,AircraftAssemblyLine,1173b3f4-direct-order-extprop8196-s40-20260512,unknown,skipped_no_incumbent,,0,0,,1,4,ace64g-rr-20260505=31; pycsp3-extra-ortools-1t-rerun1-20260505=24.0; pycsp3-extra-ortools-1t-verbose1-20260509=24.0; pycsp3-extra-ortools-20260505=24.0
12,competition/2022-2025/COP22to25/AircraftAssemblyLine-2-178-20-0_c23.xml.lzma,AircraftAssemblyLine,1173b3f4-direct-order-extprop8196-s40-20260512,unknown,skipped_no_incumbent,,0,0,,1,4,ace64g-rr-20260505=25; pycsp3-extra-ortools-1t-rerun1-20260505=24.0; pycsp3-extra-ortools-1t-verbose1-20260509=24.0; pycsp3-extra-ortools-20260505=22.0
13,competition/2022-2025/COP22to25/AircraftAssemblyLine-2-178-20-1_c23.xml.lzma,AircraftAssemblyLine,1173b3f4-direct-order-extprop8196-s40-20260512,unknown,skipped_no_incumbent,,0,0,,1,4,ace64g-rr-20260505=26; pycsp3-extra-ortools-1t-rerun1-20260505=23.0; pycsp3-extra-ortools-1t-verbose1-20260509=23.0; pycsp3-extra-ortools-20260505=22.0
14,competition/2022-2025/COP22to25/AircraftAssemblyLine-2-178-20-2_c23.xml.lzma,AircraftAssemblyLine,1173b3f4-direct-order-extprop8196-s40-20260512,unknown,skipped_no_incumbent,,0,0,,1,4,ace64g-rr-20260505=24; pycsp3-extra-ortools-1t-rerun1-20260505=22.0; pycsp3-extra-ortools-1t-verbose1-20260509=22.0; pycsp3-extra-ortools-20260505=22.0
15,competition/2022-2025/COP22to25/AircraftAssemblyLine-2-178-50-0_c23.xml.lzma,AircraftAssemblyLine,1173b3f4-direct-order-extprop8196-s40-20260512,unknown,skipped_no_incumbent,,0,0,,1,4,ace64g-rr-20260505=22; pycsp3-extra-ortools-1t-rerun1-20260505=20.0; pycsp3-extra-ortools-1t-verbose1-20260509=20.0; pycsp3-extra-ortools-20260505=19.0
16,competition/2022-2025/COP22to25/AircraftAssemblyLine-2-178-50-1_c23.xml.lzma,AircraftAssemblyLine,1173b3f4-direct-order-extprop8196-s40-20260512,unknown,skipped_no_incumbent,,0,0,,1,4,ace64g-rr-20260505=19; pycsp3-extra-ortools-1t-rerun1-20260505=17.0; pycsp3-extra-ortools-1t-verbose1-20260509=17.0; pycsp3-extra-ortools-20260505=17.0
17,competition/2022-2025/COP22to25/AircraftAssemblyLine-2-178-50-2_c23.xml.lzma,AircraftAssemblyLine,1173b3f4-direct-order-extprop8196-s40-20260512,unknown,skipped_no_incumbent,,0,0,,1,4,ace64g-rr-20260505=22; pycsp3-extra-ortools-1t-rerun1-20260505=19.0; pycsp3-extra-ortools-1t-verbose1-20260509=19.0; pycsp3-extra-ortools-20260505=19.0
18,competition/2022-2025/COP22to25/AircraftAssemblyLine-2-178-70-0_c23.xml.lzma,AircraftAssemblyLine,1173b3f4-direct-order-extprop8196-s40-20260512,unknown,skipped_no_incumbent,,0,0,,1,4,ace64g-rr-20260505=19; pycsp3-extra-ortools-1t-rerun1-20260505=17.0; pycsp3-extra-ortools-1t-verbose1-20260509=17.0; pycsp3-extra-ortools-20260505=17.0
19,competition/2022-2025/COP22to25/AircraftAssemblyLine-2-178-70-1_c23.xml.lzma,AircraftAssemblyLine,1173b3f4-direct-order-extprop8196-s40-20260512,unknown,skipped_no_incumbent,,0,0,,1,4,ace64g-rr-20260505=17; pycsp3-extra-ortools-1t-rerun1-20260505=15.0; pycsp3-extra-ortools-1t-verbose1-20260509=15.0; pycsp3-extra-ortools-20260505=15.0
20,competition/2022-2025/COP22to25/AircraftAssemblyLine-2-178-70-2_c23.xml.lzma,AircraftAssemblyLine,1173b3f4-direct-order-extprop8196-s40-20260512,unknown,skipped_no_incumbent,,0,0,,1,4,ace64g-rr-20260505=17; pycsp3-extra-ortools-1t-rerun1-20260505=17.0; pycsp3-extra-ortools-1t-verbose1-20260509=17.0; pycsp3-extra-ortools-20260505=16.0
21,competition/2022-2025/COP22to25/AircraftAssemblyLine-3-628-000-0_c24.xml.lzma,AircraftAssemblyLine,1173b3f4-direct-order-extprop8196-s40-20260512,unknown,skipped_no_incumbent,,0,0,,1,3,pycsp3-extra-ortools-1t-rerun1-20260505=37.0; pycsp3-extra-ortools-1t-verbose1-20260509=37.0; pycsp3-extra-ortools-20260505=25.0
22,competition/2022-2025/COP22to25/AircraftAssemblyLine-3-628-020-0_c24.xml.lzma,AircraftAssemblyLine,1173b3f4-direct-order-extprop8196-s40-20260512,unknown,skipped_no_incumbent,,0,0,,1,3,pycsp3-extra-ortools-1t-rerun1-20260505=32.0; pycsp3-extra-ortools-1t-verbose1-20260509=32.0; pycsp3-extra-ortools-20260505=24.0
23,competition/2022-2025/COP22to25/AircraftAssemblyLine-3-628-020-1_c24.xml.lzma,AircraftAssemblyLine,1173b3f4-direct-order-extprop8196-s40-20260512,unknown,skipped_no_incumbent,,0,0,,1,3,pycsp3-extra-ortools-1t-rerun1-20260505=28.0; pycsp3-extra-ortools-1t-verbose1-20260509=28.0; pycsp3-extra-ortools-20260505=24.0
24,competition/2022-2025/COP22to25/AircraftAssemblyLine-3-628-020-2_c24.xml.lzma,AircraftAssemblyLine,1173b3f4-direct-order-extprop8196-s40-20260512,unknown,skipped_no_incumbent,,0,0,,1,3,pycsp3-extra-ortools-1t-rerun1-20260505=29.0; pycsp3-extra-ortools-1t-verbose1-20260509=29.0; pycsp3-extra-ortools-20260505=22.0
25,competition/2022-2025/COP22to25/AircraftAssemblyLine-3-628-050-0_c24.xml.lzma,AircraftAssemblyLine,1173b3f4-direct-order-extprop8196-s40-20260512,unknown,skipped_no_incumbent,,0,0,,1,3,pycsp3-extra-ortools-1t-rerun1-20260505=31.0; pycsp3-extra-ortools-1t-verbose1-20260509=31.0; pycsp3-extra-ortools-20260505=20.0
26,competition/2022-2025/COP22to25/AircraftAssemblyLine-3-628-050-1_c24.xml.lzma,AircraftAssemblyLine,1173b3f4-direct-order-extprop8196-s40-20260512,unknown,skipped_no_incumbent,,0,0,,1,4,ace64g-rr-20260505=27; pycsp3-extra-ortools-1t-rerun1-20260505=23.0; pycsp3-extra-ortools-1t-verbose1-20260509=23.0; pycsp3-extra-ortools-20260505=21.0
27,competition/2022-2025/COP22to25/AircraftAssemblyLine-3-628-050-2_c24.xml.lzma,AircraftAssemblyLine,1173b3f4-direct-order-extprop8196-s40-20260512,unknown,skipped_no_incumbent,,0,0,,1,4,ace64g-rr-20260505=27; pycsp3-extra-ortools-1t-rerun1-20260505=35.0; pycsp3-extra-ortools-1t-verbose1-20260509=35.0; pycsp3-extra-ortools-20260505=21.0
28,competition/2022-2025/COP22to25/AircraftAssemblyLine-3-628-070-0_c24.xml.lzma,AircraftAssemblyLine,1173b3f4-direct-order-extprop8196-s40-20260512,unknown,skipped_no_incumbent,,0,0,,1,4,ace64g-rr-20260505=22; pycsp3-extra-ortools-1t-rerun1-20260505=22.0; pycsp3-extra-ortools-1t-verbose1-20260509=22.0; pycsp3-extra-ortools-20260505=19.0
29,competition/2022-2025/COP22to25/AircraftAssemblyLine-3-628-070-1_c24.xml.lzma,AircraftAssemblyLine,1173b3f4-direct-order-extprop8196-s40-20260512,unknown,skipped_no_incumbent,,0,0,,1,4,ace64g-rr-20260505=24; pycsp3-extra-ortools-1t-rerun1-20260505=25.0; pycsp3-extra-ortools-1t-verbose1-20260509=25.0; pycsp3-extra-ortools-20260505=20.0
30,competition/2022-2025/COP22to25/AircraftAssemblyLine-3-628-070-2_c24.xml.lzma,AircraftAssemblyLine,1173b3f4-direct-order-extprop8196-s40-20260512,unknown,skipped_no_incumbent,,0,0,,1,4,ace64g-rr-20260505=24; pycsp3-extra-ortools-1t-rerun1-20260505=31.0; pycsp3-extra-ortools-1t-verbose1-20260509=31.0; pycsp3-extra-ortools-20260505=20.0
31,competition/2022-2025/COP22to25/AircraftAssemblyLine-3-628-100-0_c24.xml.lzma,AircraftAssemblyLine,1173b3f4-direct-order-extprop8196-s40-20260512,unknown,skipped_no_incumbent,,0,0,,1,4,ace64g-rr-20260505=23; pycsp3-extra-ortools-1t-rerun1-20260505=23.0; pycsp3-extra-ortools-1t-verbose1-20260509=23.0; pycsp3-extra-ortools-20260505=18.0
32,competition/2022-2025/COP22to25/AircraftAssemblyLine-3-628-100-1_c24.xml.lzma,AircraftAssemblyLine,1173b3f4-direct-order-extprop8196-s40-20260512,unknown,skipped_no_incumbent,,0,0,,1,4,ace64g-rr-20260505=23; pycsp3-extra-ortools-1t-rerun1-20260505=23.0; pycsp3-extra-ortools-1t-verbose1-20260509=23.0; pycsp3-extra-ortools-20260505=19.0
33,competition/2022-2025/COP22to25/AircraftAssemblyLine-3-628-100-2_c24.xml.lzma,AircraftAssemblyLine,1173b3f4-direct-order-extprop8196-s40-20260512,unknown,skipped_no_incumbent,,0,0,,1,4,ace64g-rr-20260505=25; pycsp3-extra-ortools-1t-rerun1-20260505=22.0; pycsp3-extra-ortools-1t-verbose1-20260509=22.0; pycsp3-extra-ortools-20260505=18.0
34,competition/2022-2025/COP22to25/AircraftAssemblyLine-3-628-150-0_c24.xml.lzma,AircraftAssemblyLine,1173b3f4-direct-order-extprop8196-s40-20260512,,skipped_no_incumbent,,0,0,,1,4,ace64g-rr-20260505=20; pycsp3-extra-ortools-1t-rerun1-20260505=23.0; pycsp3-extra-ortools-1t-verbose1-20260509=23.0; pycsp3-extra-ortools-20260505=16.0
35,competition/2022-2025/COP22to25/AircraftAssemblyLine-3-628-150-1_c24.xml.lzma,AircraftAssemblyLine,1173b3f4-direct-order-extprop8196-s40-20260512,,skipped_no_incumbent,,0,0,,1,4,ace64g-rr-20260505=23; pycsp3-extra-ortools-1t-rerun1-20260505=21.0; pycsp3-extra-ortools-1t-verbose1-20260509=21.0; pycsp3-extra-ortools-20260505=17.0
36,competition/2022-2025/COP22to25/AircraftAssemblyLine-3-628-150-2_c24.xml.lzma,AircraftAssemblyLine,1173b3f4-direct-order-extprop8196-s40-20260512,,skipped_no_incumbent,,0,0,,1,4,ace64g-rr-20260505=20; pycsp3-extra-ortools-1t-rerun1-20260505=25.0; pycsp3-extra-ortools-1t-verbose1-20260509=25.0; pycsp3-extra-ortools-20260505=13.0
89,competition/2022-2025/COP22to25/Benzenoide-09_c23.xml.lzma,Benzenoide,1173b3f4-direct-order-extprop8196-s40-20260512,unknown,skipped_no_incumbent,,1,2,1173b3f4-scip-direct-order-extge-eager-dynwatch=748; 835f8aaf-scip-direct-order-dynamic=901,1,1,ace64g-rr-20260505=102
90,competition/2022-2025/COP22to25/Benzenoide-10_c23.xml.lzma,Benzenoide,1173b3f4-direct-order-extprop8196-s40-20260512,unknown,skipped_no_incumbent,,0,0,,1,1,ace64g-rr-20260505=92
91,competition/2022-2025/COP22to25/Benzenoide-11_c23.xml.lzma,Benzenoide,1173b3f4-direct-order-extprop8196-s40-20260512,unknown,skipped_no_incumbent,,0,0,,1,1,ace64g-rr-20260505=100
92,competition/2022-2025/COP22to25/Benzenoide-12_c23.xml.lzma,Benzenoide,1173b3f4-direct-order-extprop8196-s40-20260512,,skipped_no_incumbent,,0,0,,1,1,ace64g-rr-20260505=87
93,competition/2022-2025/COP22to25/Benzenoide-13_c23.xml.lzma,Benzenoide,1173b3f4-direct-order-extprop8196-s40-20260512,,skipped_no_incumbent,,0,0,,1,1,ace64g-rr-20260505=95
94,competition/2022-2025/COP22to25/Benzenoide-14_c23.xml.lzma,Benzenoide,1173b3f4-direct-order-extprop8196-s40-20260512,unknown,skipped_no_incumbent,,0,0,,0,0,
95,competition/2022-2025/COP22to25/Benzenoide-15_c23.xml.lzma,Benzenoide,1173b3f4-direct-order-extprop8196-s40-20260512,unknown,skipped_no_incumbent,,0,0,,0,0,
101,competition/2022-2025/COP22to25/BinPacking-n4c1w1a_c24.xml.lzma,BinPacking,1173b3f4-direct-order-extprop8196-s40-20260512,,skipped_no_incumbent,,0,0,,1,1,ace64g-rr-20260505=241
133,competition/2022-2025/COP22to25/BusScheduling-r3_c25.xml.lzma,BusScheduling,1173b3f4-direct-order-extprop8196-s40-20260512,unknown,skipped_no_incumbent,,1,5,1d1a452a-log-scop=16; 31b6e7a3-scip-log-scop-rerun2=16; 835f8aaf-scip-log-scop-dynamic=16; 9c976720-scip-log-scop-dynamic=16; bd3c9f7d-scip-log-scop-dynamic=16,1,3,pycsp3-extra-ortools-1t-rerun1-20260505=16.0; pycsp3-extra-ortools-1t-verbose1-20260509=16.0; pycsp3-extra-ortools-20260505=16.0
136,competition/2022-2025/COP22to25/BusScheduling-r5a_c25.xml.lzma,BusScheduling,1173b3f4-direct-order-extprop8196-s40-20260512,unknown,skipped_no_incumbent,,1,5,1d1a452a-log-scop=32; 31b6e7a3-scip-log-scop-rerun2=32; 835f8aaf-scip-log-scop-dynamic=32; 9c976720-scip-log-scop-dynamic=32; bd3c9f7d-scip-log-scop-dynamic=32,1,3,pycsp3-extra-ortools-1t-rerun1-20260505=30.0; pycsp3-extra-ortools-1t-verbose1-20260509=30.0; pycsp3-extra-ortools-20260505=28.0
160,competition/2022-2025/COP22to25/Cargo-01-0s-1913_c24.xml.lzma,Cargo,1173b3f4-direct-order-extprop8196-s40-20260512,unknown,skipped_no_incumbent,,1,9,1d1a452a-direct-order=40121; 1d1a452a-log-scop=25688; 31b6e7a3-scip-log-scop-rerun2=0; 31b6e7a3-scip-rerun1=40121; 835f8aaf-scip-log-scop-dynamic=0; 9c976720-scip-direct-order-dynamic=40121; 9c976720-scip-log-scop-dynamic=0; bd3c9f7d-scip-direct-order-dynamic=40121; bd3c9f7d-scip-log-scop-dynamic=0,1,4,ace64g-rr-20260505=0; pycsp3-extra-ortools-1t-rerun1-20260505=0.0; pycsp3-extra-ortools-1t-verbose1-20260509=0.0; pycsp3-extra-ortools-20260505=0.0
161,competition/2022-2025/COP22to25/Cargo-02-0s-1139_c24.xml.lzma,Cargo,1173b3f4-direct-order-extprop8196-s40-20260512,unknown,skipped_no_incumbent,,1,9,1d1a452a-direct-order=25922; 1d1a452a-log-scop=39573; 31b6e7a3-scip-log-scop-rerun2=25; 31b6e7a3-scip-rerun1=25922; 835f8aaf-scip-log-scop-dynamic=25; 9c976720-scip-direct-order-dynamic=25922; 9c976720-scip-log-scop-dynamic=25; bd3c9f7d-scip-direct-order-dynamic=25922; bd3c9f7d-scip-log-scop-dynamic=25,1,4,ace64g-rr-20260505=25; pycsp3-extra-ortools-1t-rerun1-20260505=25.0; pycsp3-extra-ortools-1t-verbose1-20260509=25.0; pycsp3-extra-ortools-20260505=25.0
162,competition/2022-2025/COP22to25/Cargo-04-1s-626_c24.xml.lzma,Cargo,1173b3f4-direct-order-extprop8196-s40-20260512,unknown,skipped_no_incumbent,,1,9,1d1a452a-direct-order=13868; 1d1a452a-log-scop=34775; 31b6e7a3-scip-log-scop-rerun2=714; 31b6e7a3-scip-rerun1=13868; 835f8aaf-scip-log-scop-dynamic=714; 9c976720-scip-direct-order-dynamic=13868; 9c976720-scip-log-scop-dynamic=714; bd3c9f7d-scip-direct-order-dynamic=13868; bd3c9f7d-scip-log-scop-dynamic=714,1,4,ace64g-rr-20260505=714; pycsp3-extra-ortools-1t-rerun1-20260505=714.0; pycsp3-extra-ortools-1t-verbose1-20260509=714.0; pycsp3-extra-ortools-20260505=714.0
163,competition/2022-2025/COP22to25/Cargo-05-1s-954_c24.xml.lzma,Cargo,1173b3f4-direct-order-extprop8196-s40-20260512,unknown,skipped_no_incumbent,,1,9,1d1a452a-direct-order=32605; 1d1a452a-log-scop=37562; 31b6e7a3-scip-log-scop-rerun2=2883; 31b6e7a3-scip-rerun1=32605; 835f8aaf-scip-log-scop-dynamic=2883; 9c976720-scip-direct-order-dynamic=32605; 9c976720-scip-log-scop-dynamic=2883; bd3c9f7d-scip-direct-order-dynamic=32605; bd3c9f7d-scip-log-scop-dynamic=9332,1,4,ace64g-rr-20260505=2883; pycsp3-extra-ortools-1t-rerun1-20260505=2883.0; pycsp3-extra-ortools-1t-verbose1-20260509=2883.0; pycsp3-extra-ortools-20260505=2883.0
164,competition/2022-2025/COP22to25/Cargo-06-1s-3927_c24.xml.lzma,Cargo,1173b3f4-direct-order-extprop8196-s40-20260512,unknown,skipped_no_incumbent,,1,9,1d1a452a-direct-order=56107; 1d1a452a-log-scop=18030; 31b6e7a3-scip-log-scop-rerun2=13788; 31b6e7a3-scip-rerun1=56107; 835f8aaf-scip-log-scop-dynamic=12624; 9c976720-scip-direct-order-dynamic=56107; 9c976720-scip-log-scop-dynamic=14849; bd3c9f7d-scip-direct-order-dynamic=56107; bd3c9f7d-scip-log-scop-dynamic=18001,1,4,ace64g-rr-20260505=6778; pycsp3-extra-ortools-1t-rerun1-20260505=3394.0; pycsp3-extra-ortools-1t-verbose1-20260509=3394.0; pycsp3-extra-ortools-20260505=3394.0
165,competition/2022-2025/COP22to25/Cargo-07-1s-133_c24.xml.lzma,Cargo,1173b3f4-direct-order-extprop8196-s40-20260512,unknown,skipped_no_incumbent,,1,9,1d1a452a-direct-order=33824; 1d1a452a-log-scop=30609; 31b6e7a3-scip-log-scop-rerun2=7303; 31b6e7a3-scip-rerun1=33824; 835f8aaf-scip-log-scop-dynamic=378; 9c976720-scip-direct-order-dynamic=33824; 9c976720-scip-log-scop-dynamic=350; bd3c9f7d-scip-direct-order-dynamic=33824; bd3c9f7d-scip-log-scop-dynamic=1663,1,4,ace64g-rr-20260505=328; pycsp3-extra-ortools-1t-rerun1-20260505=328.0; pycsp3-extra-ortools-1t-verbose1-20260509=328.0; pycsp3-extra-ortools-20260505=328.0
166,competition/2022-2025/COP22to25/Cargo-08-222f-3475_c24.xml.lzma,Cargo,1173b3f4-direct-order-extprop8196-s40-20260512,unknown,skipped_no_incumbent,,1,5,1d1a452a-log-scop=99532; 31b6e7a3-scip-log-scop-rerun2=90311; 835f8aaf-scip-log-scop-dynamic=81832; 9c976720-scip-log-scop-dynamic=68848; bd3c9f7d-scip-log-scop-dynamic=99313,1,4,ace64g-rr-20260505=20679; pycsp3-extra-ortools-1t-rerun1-20260505=20679.0; pycsp3-extra-ortools-1t-verbose1-20260509=20679.0; pycsp3-extra-ortools-20260505=20679.0
167,competition/2022-2025/COP22to25/Cargo-09-1s-18_c24.xml.lzma,Cargo,1173b3f4-direct-order-extprop8196-s40-20260512,unknown,skipped_no_incumbent,,1,5,1d1a452a-log-scop=118426; 31b6e7a3-scip-log-scop-rerun2=22246; 835f8aaf-scip-log-scop-dynamic=16678; 9c976720-scip-log-scop-dynamic=16944; bd3c9f7d-scip-log-scop-dynamic=59664,1,4,ace64g-rr-20260505=265; pycsp3-extra-ortools-1t-rerun1-20260505=265.0; pycsp3-extra-ortools-1t-verbose1-20260509=265.0; pycsp3-extra-ortools-20260505=265.0
168,competition/2022-2025/COP22to25/Cargo-10-15966f-2060_c24.xml.lzma,Cargo,1173b3f4-direct-order-extprop8196-s40-20260512,unknown,skipped_no_incumbent,,1,5,1d1a452a-log-scop=65005; 31b6e7a3-scip-log-scop-rerun2=55464; 835f8aaf-scip-log-scop-dynamic=44291; 9c976720-scip-log-scop-dynamic=46129; bd3c9f7d-scip-log-scop-dynamic=42600,1,4,ace64g-rr-20260505=5645; pycsp3-extra-ortools-1t-rerun1-20260505=5645.0; pycsp3-extra-ortools-1t-verbose1-20260509=5645.0; pycsp3-extra-ortools-20260505=5645.0
169,competition/2022-2025/COP22to25/Cargo-12-1422f-1644_c24.xml.lzma,Cargo,1173b3f4-direct-order-extprop8196-s40-20260512,unknown,skipped_no_incumbent,,0,0,,1,3,pycsp3-extra-ortools-1t-rerun1-20260505=60381.0; pycsp3-extra-ortools-1t-verbose1-20260509=60973.0; pycsp3-extra-ortools-20260505=20685.0
170,competition/2022-2025/COP22to25/Cargo-16-10720f-4243_c24.xml.lzma,Cargo,1173b3f4-direct-order-extprop8196-s40-20260512,unknown,skipped_no_incumbent,,0,0,,1,3,pycsp3-extra-ortools-1t-rerun1-20260505=125073.0; pycsp3-extra-ortools-1t-verbose1-20260509=125269.0; pycsp3-extra-ortools-20260505=78930.0
171,competition/2022-2025/COP22to25/Cargo-19-31058f-2548_c24.xml.lzma,Cargo,1173b3f4-direct-order-extprop8196-s40-20260512,unknown,skipped_no_incumbent,,0,0,,1,3,pycsp3-extra-ortools-1t-rerun1-20260505=174718.0; pycsp3-extra-ortools-1t-verbose1-20260509=174718.0; pycsp3-extra-ortools-20260505=65467.0
172,competition/2022-2025/COP22to25/Cargo-20-27613f-2435_c24.xml.lzma,Cargo,1173b3f4-direct-order-extprop8196-s40-20260512,unknown,skipped_no_incumbent,,0,0,,1,3,pycsp3-extra-ortools-1t-rerun1-20260505=116202.0; pycsp3-extra-ortools-1t-verbose1-20260509=116202.0; pycsp3-extra-ortools-20260505=72795.0
173,competition/2022-2025/COP22to25/Cargo-22_c24.xml.lzma,Cargo,1173b3f4-direct-order-extprop8196-s40-20260512,unknown,skipped_no_incumbent,,1,9,1d1a452a-direct-order=37202; 1d1a452a-log-scop=31369; 31b6e7a3-scip-log-scop-rerun2=884; 31b6e7a3-scip-rerun1=37202; 835f8aaf-scip-log-scop-dynamic=884; 9c976720-scip-direct-order-dynamic=37202; 9c976720-scip-log-scop-dynamic=884; bd3c9f7d-scip-direct-order-dynamic=37202; bd3c9f7d-scip-log-scop-dynamic=3502,1,4,ace64g-rr-20260505=884; pycsp3-extra-ortools-1t-rerun1-20260505=884.0; pycsp3-extra-ortools-1t-verbose1-20260509=884.0; pycsp3-extra-ortools-20260505=884.0
174,competition/2022-2025/COP22to25/Cargo-24_c24.xml.lzma,Cargo,1173b3f4-direct-order-extprop8196-s40-20260512,unknown,skipped_no_incumbent,,1,9,1d1a452a-direct-order=18968; 1d1a452a-log-scop=42839; 31b6e7a3-scip-log-scop-rerun2=0; 31b6e7a3-scip-rerun1=18968; 835f8aaf-scip-log-scop-dynamic=0; 9c976720-scip-direct-order-dynamic=18968; 9c976720-scip-log-scop-dynamic=0; bd3c9f7d-scip-direct-order-dynamic=18968; bd3c9f7d-scip-log-scop-dynamic=0,1,4,ace64g-rr-20260505=0; pycsp3-extra-ortools-1t-rerun1-20260505=0.0; pycsp3-extra-ortools-1t-verbose1-20260509=0.0; pycsp3-extra-ortools-20260505=0.0
175,competition/2022-2025/COP22to25/Cargo-25_c24.xml.lzma,Cargo,1173b3f4-direct-order-extprop8196-s40-20260512,unknown,skipped_no_incumbent,,1,9,1d1a452a-direct-order=26749; 1d1a452a-log-scop=33345; 31b6e7a3-scip-log-scop-rerun2=0; 31b6e7a3-scip-rerun1=26749; 835f8aaf-scip-log-scop-dynamic=0; 9c976720-scip-direct-order-dynamic=26749; 9c976720-scip-log-scop-dynamic=0; bd3c9f7d-scip-direct-order-dynamic=26749; bd3c9f7d-scip-log-scop-dynamic=0,1,4,ace64g-rr-20260505=0; pycsp3-extra-ortools-1t-rerun1-20260505=0.0; pycsp3-extra-ortools-1t-verbose1-20260509=0.0; pycsp3-extra-ortools-20260505=0.0
181,competition/2022-2025/COP22to25/CarpetCutting-test06_c23.xml.lzma,CarpetCutting,1173b3f4-direct-order-extprop8196-s40-20260512,unknown,skipped_no_incumbent,,1,5,1d1a452a-log-scop=4871; 31b6e7a3-scip-log-scop-rerun2=4871; 835f8aaf-scip-log-scop-dynamic=4871; 9c976720-scip-log-scop-dynamic=4871; bd3c9f7d-scip-log-scop-dynamic=4871,1,4,ace64g-rr-20260505=2330; pycsp3-extra-ortools-1t-rerun1-20260505=2330.0; pycsp3-extra-ortools-1t-verbose1-20260509=2330.0; pycsp3-extra-ortools-20260505=2330.0
182,competition/2022-2025/COP22to25/CarpetCutting-test07_c23.xml.lzma,CarpetCutting,1173b3f4-direct-order-extprop8196-s40-20260512,unknown,skipped_no_incumbent,,1,5,1d1a452a-log-scop=4417; 31b6e7a3-scip-log-scop-rerun2=4417; 835f8aaf-scip-log-scop-dynamic=4417; 9c976720-scip-log-scop-dynamic=4417; bd3c9f7d-scip-log-scop-dynamic=4417,1,4,ace64g-rr-20260505=2652; pycsp3-extra-ortools-1t-rerun1-20260505=2642.0; pycsp3-extra-ortools-1t-verbose1-20260509=2642.0; pycsp3-extra-ortools-20260505=2642.0
183,competition/2022-2025/COP22to25/CarpetCutting-test08_c23.xml.lzma,CarpetCutting,1173b3f4-direct-order-extprop8196-s40-20260512,unknown,skipped_no_incumbent,,1,1,1d1a452a-log-scop=6823,1,4,ace64g-rr-20260505=3339; pycsp3-extra-ortools-1t-rerun1-20260505=3576.0; pycsp3-extra-ortools-1t-verbose1-20260509=3578.0; pycsp3-extra-ortools-20260505=3362.0
184,competition/2022-2025/COP22to25/CarpetCutting-test09_c23.xml.lzma,CarpetCutting,1173b3f4-direct-order-extprop8196-s40-20260512,unknown,skipped_no_incumbent,,1,1,1d1a452a-log-scop=6661,1,4,ace64g-rr-20260505=2470; pycsp3-extra-ortools-1t-rerun1-20260505=2470.0; pycsp3-extra-ortools-1t-verbose1-20260509=2470.0; pycsp3-extra-ortools-20260505=2470.0
185,competition/2022-2025/COP22to25/CarpetCutting-test10_c23.xml.lzma,CarpetCutting,1173b3f4-direct-order-extprop8196-s40-20260512,unknown,skipped_no_incumbent,,1,1,1d1a452a-log-scop=7661,1,4,ace64g-rr-20260505=3997; pycsp3-extra-ortools-1t-rerun1-20260505=3982.0; pycsp3-extra-ortools-1t-verbose1-20260509=3982.0; pycsp3-extra-ortools-20260505=3982.0
189,competition/2022-2025/COP22to25/CarpetCutting-test14_c23.xml.lzma,CarpetCutting,1173b3f4-direct-order-extprop8196-s40-20260512,unknown,skipped_no_incumbent,,1,5,1d1a452a-log-scop=3492; 31b6e7a3-scip-log-scop-rerun2=3492; 835f8aaf-scip-log-scop-dynamic=3492; 9c976720-scip-log-scop-dynamic=3492; bd3c9f7d-scip-log-scop-dynamic=3492,1,4,ace64g-rr-20260505=1871; pycsp3-extra-ortools-1t-rerun1-20260505=1866.0; pycsp3-extra-ortools-1t-verbose1-20260509=1866.0; pycsp3-extra-ortools-20260505=1866.0
190,competition/2022-2025/COP22to25/CarpetCutting-test15_c23.xml.lzma,CarpetCutting,1173b3f4-direct-order-extprop8196-s40-20260512,unknown,skipped_no_incumbent,,1,5,1d1a452a-log-scop=4071; 31b6e7a3-scip-log-scop-rerun2=4071; 835f8aaf-scip-log-scop-dynamic=4071; 9c976720-scip-log-scop-dynamic=4071; bd3c9f7d-scip-log-scop-dynamic=4071,1,4,ace64g-rr-20260505=2386; pycsp3-extra-ortools-1t-rerun1-20260505=2386.0; pycsp3-extra-ortools-1t-verbose1-20260509=2386.0; pycsp3-extra-ortools-20260505=2386.0
192,competition/2022-2025/COP22to25/CarpetCutting-test17_c23.xml.lzma,CarpetCutting,1173b3f4-direct-order-extprop8196-s40-20260512,unknown,skipped_no_incumbent,,1,4,1d1a452a-log-scop=4913; 31b6e7a3-scip-log-scop-rerun2=4913; 835f8aaf-scip-log-scop-dynamic=4913; bd3c9f7d-scip-log-scop-dynamic=4913,1,4,ace64g-rr-20260505=1992; pycsp3-extra-ortools-1t-rerun1-20260505=1966.0; pycsp3-extra-ortools-1t-verbose1-20260509=1966.0; pycsp3-extra-ortools-20260505=1962.0
193,competition/2022-2025/COP22to25/CarpetCutting-test18_c23.xml.lzma,CarpetCutting,1173b3f4-direct-order-extprop8196-s40-20260512,unknown,skipped_no_incumbent,,1,5,1d1a452a-log-scop=4842; 31b6e7a3-scip-log-scop-rerun2=4842; 835f8aaf-scip-log-scop-dynamic=4842; 9c976720-scip-log-scop-dynamic=4842; bd3c9f7d-scip-log-scop-dynamic=4842,1,4,ace64g-rr-20260505=1634; pycsp3-extra-ortools-1t-rerun1-20260505=1617.0; pycsp3-extra-ortools-1t-verbose1-20260509=1617.0; pycsp3-extra-ortools-20260505=1608.0
194,competition/2022-2025/COP22to25/CarpetCutting-test19_c23.xml.lzma,CarpetCutting,1173b3f4-direct-order-extprop8196-s40-20260512,unknown,skipped_no_incumbent,,1,5,1d1a452a-log-scop=4747; 31b6e7a3-scip-log-scop-rerun2=4747; 835f8aaf-scip-log-scop-dynamic=4747; 9c976720-scip-log-scop-dynamic=4747; bd3c9f7d-scip-log-scop-dynamic=4747,1,4,ace64g-rr-20260505=2202; pycsp3-extra-ortools-1t-rerun1-20260505=2201.0; pycsp3-extra-ortools-1t-verbose1-20260509=2201.0; pycsp3-extra-ortools-20260505=2201.0
195,competition/2022-2025/COP22to25/CarpetCutting-test20_c23.xml.lzma,CarpetCutting,1173b3f4-direct-order-extprop8196-s40-20260512,unknown,skipped_no_incumbent,,1,1,1d1a452a-log-scop=7499,1,4,ace64g-rr-20260505=3741; pycsp3-extra-ortools-1t-rerun1-20260505=3789.0; pycsp3-extra-ortools-1t-verbose1-20260509=3789.0; pycsp3-extra-ortools-20260505=3734.0
251,competition/2022-2025/COP22to25/Coprime-21_c25.xml.lzma,Coprime,1173b3f4-direct-order-extprop8196-s40-20260512,unknown,skipped_no_incumbent,,1,1,1d1a452a-direct-order=441,1,4,ace64g-rr-20260505=157; pycsp3-extra-ortools-1t-rerun1-20260505=157.0; pycsp3-extra-ortools-1t-verbose1-20260509=157.0; pycsp3-extra-ortools-20260505=157.0
252,competition/2022-2025/COP22to25/Coprime-22_c25.xml.lzma,Coprime,1173b3f4-direct-order-extprop8196-s40-20260512,unknown,skipped_no_incumbent,,1,1,1d1a452a-direct-order=229,1,4,ace64g-rr-20260505=167; pycsp3-extra-ortools-1t-rerun1-20260505=167.0; pycsp3-extra-ortools-1t-verbose1-20260509=167.0; pycsp3-extra-ortools-20260505=167.0
253,competition/2022-2025/COP22to25/Coprime-23_c25.xml.lzma,Coprime,1173b3f4-direct-order-extprop8196-s40-20260512,unknown,skipped_no_incumbent,,1,1,1d1a452a-direct-order=529,1,4,ace64g-rr-20260505=173; pycsp3-extra-ortools-1t-rerun1-20260505=173.0; pycsp3-extra-ortools-1t-verbose1-20260509=173.0; pycsp3-extra-ortools-20260505=173.0
254,competition/2022-2025/COP22to25/Coprime-24_c25.xml.lzma,Coprime,1173b3f4-direct-order-extprop8196-s40-20260512,unknown,skipped_no_incumbent,,1,1,1d1a452a-direct-order=263,1,4,ace64g-rr-20260505=179; pycsp3-extra-ortools-1t-rerun1-20260505=179.0; pycsp3-extra-ortools-1t-verbose1-20260509=179.0; pycsp3-extra-ortools-20260505=179.0
255,competition/2022-2025/COP22to25/Coprime-25_c25.xml.lzma,Coprime,1173b3f4-direct-order-extprop8196-s40-20260512,unknown,skipped_no_incumbent,,0,0,,1,4,ace64g-rr-20260505=191; pycsp3-extra-ortools-1t-rerun1-20260505=191.0; pycsp3-extra-ortools-1t-verbose1-20260509=191.0; pycsp3-extra-ortools-20260505=191.0
256,competition/2022-2025/COP22to25/Coprime-30_c25.xml.lzma,Coprime,1173b3f4-direct-order-extprop8196-s40-20260512,unknown,skipped_no_incumbent,,0,0,,1,4,ace64g-rr-20260505=251; pycsp3-extra-ortools-1t-rerun1-20260505=251.0; pycsp3-extra-ortools-1t-verbose1-20260509=251.0; pycsp3-extra-ortools-20260505=251.0
257,competition/2022-2025/COP22to25/Coprime-40_c25.xml.lzma,Coprime,1173b3f4-direct-order-extprop8196-s40-20260512,unknown,skipped_no_incumbent,,0,0,,1,4,ace64g-rr-20260505=415; pycsp3-extra-ortools-1t-rerun1-20260505=379.0; pycsp3-extra-ortools-1t-verbose1-20260509=379.0; pycsp3-extra-ortools-20260505=389.0
357,competition/2022-2025/COP22to25/FlexibleJobshopScen-dh-5-16-005_c25.xml.lzma,FlexibleJobshopScen,1173b3f4-direct-order-extprop8196-s40-20260512,unknown,skipped_no_incumbent,,1,1,1d1a452a-log-scop=6270,1,4,ace64g-rr-20260505=1369; pycsp3-extra-ortools-1t-rerun1-20260505=1369.0; pycsp3-extra-ortools-1t-verbose1-20260509=1369.0; pycsp3-extra-ortools-20260505=1369.0
358,competition/2022-2025/COP22to25/FlexibleJobshopScen-dh-5-16-020_c25.xml.lzma,FlexibleJobshopScen,1173b3f4-direct-order-extprop8196-s40-20260512,unknown,skipped_no_incumbent,,1,1,1d1a452a-log-scop=24994,1,4,ace64g-rr-20260505=5475; pycsp3-extra-ortools-1t-rerun1-20260505=5335.0; pycsp3-extra-ortools-1t-verbose1-20260509=5335.0; pycsp3-extra-ortools-20260505=5335.0
359,competition/2022-2025/COP22to25/FlexibleJobshopScen-dh-5-16-080_c25.xml.lzma,FlexibleJobshopScen,1173b3f4-direct-order-extprop8196-s40-20260512,unknown,skipped_no_incumbent,,0,0,,1,4,ace64g-rr-20260505=21191; pycsp3-extra-ortools-1t-rerun1-20260505=21173.0; pycsp3-extra-ortools-1t-verbose1-20260509=21173.0; pycsp3-extra-ortools-20260505=21616.0
360,competition/2022-2025/COP22to25/FlexibleJobshopScen-dh-5-16-200_c25.xml.lzma,FlexibleJobshopScen,1173b3f4-direct-order-extprop8196-s40-20260512,unknown,skipped_no_incumbent,,0,0,,1,4,ace64g-rr-20260505=171366; pycsp3-extra-ortools-1t-rerun1-20260505=61085.0; pycsp3-extra-ortools-1t-verbose1-20260509=61085.0; pycsp3-extra-ortools-20260505=53041.0
361,competition/2022-2025/COP22to25/FlexibleJobshopScen-dh-5-16-400_c25.xml.lzma,FlexibleJobshopScen,1173b3f4-direct-order-extprop8196-s40-20260512,unknown,skipped_no_incumbent,,0,0,,1,4,ace64g-rr-20260505=584934; pycsp3-extra-ortools-1t-rerun1-20260505=125266.0; pycsp3-extra-ortools-1t-verbose1-20260509=125266.0; pycsp3-extra-ortools-20260505=112679.0
362,competition/2022-2025/COP22to25/FlexibleJobshopScen-dh-5-20-005_c25.xml.lzma,FlexibleJobshopScen,1173b3f4-direct-order-extprop8196-s40-20260512,unknown,skipped_no_incumbent,,1,1,1d1a452a-log-scop=6411,1,4,ace64g-rr-20260505=1354; pycsp3-extra-ortools-1t-rerun1-20260505=1354.0; pycsp3-extra-ortools-1t-verbose1-20260509=1354.0; pycsp3-extra-ortools-20260505=1354.0
363,competition/2022-2025/COP22to25/FlexibleJobshopScen-dh-5-20-020_c25.xml.lzma,FlexibleJobshopScen,1173b3f4-direct-order-extprop8196-s40-20260512,unknown,skipped_no_incumbent,,1,1,1d1a452a-log-scop=25498,1,4,ace64g-rr-20260505=5562; pycsp3-extra-ortools-1t-rerun1-20260505=5401.0; pycsp3-extra-ortools-1t-verbose1-20260509=5401.0; pycsp3-extra-ortools-20260505=5401.0
364,competition/2022-2025/COP22to25/FlexibleJobshopScen-dh-5-20-080_c25.xml.lzma,FlexibleJobshopScen,1173b3f4-direct-order-extprop8196-s40-20260512,unknown,skipped_no_incumbent,,0,0,,1,4,ace64g-rr-20260505=23391; pycsp3-extra-ortools-1t-rerun1-20260505=21766.0; pycsp3-extra-ortools-1t-verbose1-20260509=21875.0; pycsp3-extra-ortools-20260505=21766.0
365,competition/2022-2025/COP22to25/FlexibleJobshopScen-dh-5-20-200_c25.xml.lzma,FlexibleJobshopScen,1173b3f4-direct-order-extprop8196-s40-20260512,unknown,skipped_no_incumbent,,0,0,,1,4,ace64g-rr-20260505=241634; pycsp3-extra-ortools-1t-rerun1-20260505=58672.0; pycsp3-extra-ortools-1t-verbose1-20260509=58658.0; pycsp3-extra-ortools-20260505=57969.0
366,competition/2022-2025/COP22to25/FlexibleJobshopScen-dh-5-20-400_c25.xml.lzma,FlexibleJobshopScen,1173b3f4-direct-order-extprop8196-s40-20260512,unknown,skipped_no_incumbent,,0,0,,1,4,ace64g-rr-20260505=700114; pycsp3-extra-ortools-1t-rerun1-20260505=147428.0; pycsp3-extra-ortools-1t-verbose1-20260509=147428.0; pycsp3-extra-ortools-20260505=118433.0
367,competition/2022-2025/COP22to25/FlexibleJobshopScen-dh-6-18-005_c25.xml.lzma,FlexibleJobshopScen,1173b3f4-direct-order-extprop8196-s40-20260512,unknown,skipped_no_incumbent,,1,1,1d1a452a-log-scop=6442,1,4,ace64g-rr-20260505=1416; pycsp3-extra-ortools-1t-rerun1-20260505=1416.0; pycsp3-extra-ortools-1t-verbose1-20260509=1416.0; pycsp3-extra-ortools-20260505=1416.0
368,competition/2022-2025/COP22to25/FlexibleJobshopScen-dh-6-18-020_c25.xml.lzma,FlexibleJobshopScen,1173b3f4-direct-order-extprop8196-s40-20260512,unknown,skipped_no_incumbent,,1,1,1d1a452a-log-scop=25789,1,4,ace64g-rr-20260505=5746; pycsp3-extra-ortools-1t-rerun1-20260505=5746.0; pycsp3-extra-ortools-1t-verbose1-20260509=5746.0; pycsp3-extra-ortools-20260505=5746.0
369,competition/2022-2025/COP22to25/FlexibleJobshopScen-dh-6-18-080_c25.xml.lzma,FlexibleJobshopScen,1173b3f4-direct-order-extprop8196-s40-20260512,unknown,skipped_no_incumbent,,0,0,,1,4,ace64g-rr-20260505=24476; pycsp3-extra-ortools-1t-rerun1-20260505=23216.0; pycsp3-extra-ortools-1t-verbose1-20260509=23216.0; pycsp3-extra-ortools-20260505=23247.0
370,competition/2022-2025/COP22to25/FlexibleJobshopScen-dh-6-18-200_c25.xml.lzma,FlexibleJobshopScen,1173b3f4-direct-order-extprop8196-s40-20260512,unknown,skipped_no_incumbent,,0,0,,1,4,ace64g-rr-20260505=80627; pycsp3-extra-ortools-1t-rerun1-20260505=68839.0; pycsp3-extra-ortools-1t-verbose1-20260509=68839.0; pycsp3-extra-ortools-20260505=58154.0
371,competition/2022-2025/COP22to25/FlexibleJobshopScen-dh-6-18-400_c25.xml.lzma,FlexibleJobshopScen,1173b3f4-direct-order-extprop8196-s40-20260512,unknown,skipped_no_incumbent,,0,0,,1,4,ace64g-rr-20260505=593565; pycsp3-extra-ortools-1t-rerun1-20260505=147100.0; pycsp3-extra-ortools-1t-verbose1-20260509=147100.0; pycsp3-extra-ortools-20260505=121194.0
395,competition/2022-2025/COP22to25/Fortress1-09_c25.xml.lzma,Fortress1,1173b3f4-direct-order-extprop8196-s40-20260512,,skipped_no_incumbent,,1,12,1173b3f4-scip-direct-order-extge-eager-dynwatch=1749265; 1d1a452a-direct-order=8719556; 1d1a452a-log-scop=1539068; 31b6e7a3-scip-log-scop-rerun2=5109313; 31b6e7a3-scip-rerun1=8599554; 835f8aaf-scip-direct-order-dynamic=8719556; 835f8aaf-scip-log-scop-dynamic=8719556; 9c976720-scip-direct-order-dynamic=8549551; 9c976720-scip-log-scop-dynamic=5109313; a32997fd-direct-order=8719556; bd3c9f7d-scip-direct-order-dynamic=8719556; bd3c9f7d-scip-log-scop-dynamic=8719556,1,4,ace64g-rr-20260505=1458951; pycsp3-extra-ortools-1t-rerun1-20260505=1579159.0; pycsp3-extra-ortools-1t-verbose1-20260509=1579159.0; pycsp3-extra-ortools-20260505=1458951.0
396,competition/2022-2025/COP22to25/Fortress1-10_c25.xml.lzma,Fortress1,1173b3f4-direct-order-extprop8196-s40-20260512,unknown,skipped_no_incumbent,,1,12,1173b3f4-scip-direct-order-extge-eager-dynwatch=3119172; 1d1a452a-direct-order=13569404; 1d1a452a-log-scop=2118849; 31b6e7a3-scip-log-scop-rerun2=10229174; 31b6e7a3-scip-rerun1=4809061; 835f8aaf-scip-direct-order-dynamic=13569404; 835f8aaf-scip-log-scop-dynamic=13569404; 9c976720-scip-direct-order-dynamic=5489275; 9c976720-scip-log-scop-dynamic=10229174; a32997fd-direct-order=13569404; bd3c9f7d-scip-direct-order-dynamic=13569404; bd3c9f7d-scip-log-scop-dynamic=13569404,1,4,ace64g-rr-20260505=1798536; pycsp3-extra-ortools-1t-rerun1-20260505=2238713.0; pycsp3-extra-ortools-1t-verbose1-20260509=2238713.0; pycsp3-extra-ortools-20260505=1798536.0
420,competition/2022-2025/COP22to25/GBACP-table-UD06_c23.xml.lzma,GBACP,1173b3f4-direct-order-extprop8196-s40-20260512,unknown,skipped_no_incumbent,,1,12,1173b3f4-scip-direct-order-extge-eager-dynwatch=5034; 1d1a452a-direct-order=6117; 1d1a452a-log-scop=5404; 31b6e7a3-scip-log-scop-rerun2=5404; 31b6e7a3-scip-rerun1=4167; 835f8aaf-scip-direct-order-dynamic=5034; 835f8aaf-scip-log-scop-dynamic=5404; 9c976720-scip-direct-order-dynamic=3506; 9c976720-scip-log-scop-dynamic=5404; a32997fd-direct-order=6117; bd3c9f7d-scip-direct-order-dynamic=6117; bd3c9f7d-scip-log-scop-dynamic=5404,1,4,ace64g-rr-20260505=61; pycsp3-extra-ortools-1t-rerun1-20260505=482.0; pycsp3-extra-ortools-1t-verbose1-20260509=492.0; pycsp3-extra-ortools-20260505=69.0
428,competition/2022-2025/COP22to25/GeneralizedMKP-0-OR05x250-25-1_c23.xml.lzma,GeneralizedMKP,1173b3f4-direct-order-extprop8196-s40-20260512,unknown,skipped_no_incumbent,,1,5,1d1a452a-log-scop=0; 31b6e7a3-scip-log-scop-rerun2=0; 835f8aaf-scip-log-scop-dynamic=0; 9c976720-scip-log-scop-dynamic=0; bd3c9f7d-scip-log-scop-dynamic=195,1,1,ace64g-rr-20260505=56423
431,competition/2022-2025/COP22to25/GeneralizedMKP-0-OR05x500-25-1_c23.xml.lzma,GeneralizedMKP,1173b3f4-direct-order-extprop8196-s40-20260512,unknown,skipped_no_incumbent,,0,0,,1,1,ace64g-rr-20260505=115311
432,competition/2022-2025/COP22to25/GeneralizedMKP-0-OR05x500-50-1_c23.xml.lzma,GeneralizedMKP,1173b3f4-direct-order-extprop8196-s40-20260512,unknown,skipped_no_incumbent,,0,0,,1,1,ace64g-rr-20260505=211707
433,competition/2022-2025/COP22to25/GeneralizedMKP-0-OR05x500-75-1_c23.xml.lzma,GeneralizedMKP,1173b3f4-direct-order-extprop8196-s40-20260512,unknown,skipped_no_incumbent,,0,0,,1,1,ace64g-rr-20260505=290525
434,competition/2022-2025/COP22to25/GeneralizedMKP-0-OR10x250-25-1_c23.xml.lzma,GeneralizedMKP,1173b3f4-direct-order-extprop8196-s40-20260512,unknown,skipped_no_incumbent,,0,0,,1,1,ace64g-rr-20260505=54014
435,competition/2022-2025/COP22to25/GeneralizedMKP-0-OR10x250-50-1_c23.xml.lzma,GeneralizedMKP,1173b3f4-direct-order-extprop8196-s40-20260512,unknown,skipped_no_incumbent,,0,0,,1,1,ace64g-rr-20260505=103787
436,competition/2022-2025/COP22to25/GeneralizedMKP-0-OR10x250-75-1_c23.xml.lzma,GeneralizedMKP,1173b3f4-direct-order-extprop8196-s40-20260512,unknown,skipped_no_incumbent,,0,0,,1,1,ace64g-rr-20260505=145148
437,competition/2022-2025/COP22to25/GeneralizedMKP-0-OR30x500-25-1_c23.xml.lzma,GeneralizedMKP,1173b3f4-direct-order-extprop8196-s40-20260512,unknown,skipped_no_incumbent,,0,0,,1,1,ace64g-rr-20260505=97980
438,competition/2022-2025/COP22to25/GeneralizedMKP-0-OR30x500-50-1_c23.xml.lzma,GeneralizedMKP,1173b3f4-direct-order-extprop8196-s40-20260512,unknown,skipped_no_incumbent,,0,0,,1,1,ace64g-rr-20260505=192173
439,competition/2022-2025/COP22to25/GeneralizedMKP-0-OR30x500-75-1_c23.xml.lzma,GeneralizedMKP,1173b3f4-direct-order-extprop8196-s40-20260512,unknown,skipped_no_incumbent,,0,0,,1,1,ace64g-rr-20260505=280347
475,competition/2022-2025/COP22to25/IHTC-i08_c25.xml.lzma,IHTC,1173b3f4-direct-order-extprop8196-s40-20260512,unknown,skipped_no_incumbent,,1,5,1d1a452a-log-scop=1000; 31b6e7a3-scip-log-scop-rerun2=0; 835f8aaf-scip-log-scop-dynamic=0; 9c976720-scip-log-scop-dynamic=0; bd3c9f7d-scip-log-scop-dynamic=0,1,4,ace64g-rr-20260505=0; pycsp3-extra-ortools-1t-rerun1-20260505=0.0; pycsp3-extra-ortools-1t-verbose1-20260509=0.0; pycsp3-extra-ortools-20260505=0.0
481,competition/2022-2025/COP22to25/IHTC-i18_c25.xml.lzma,IHTC,1173b3f4-direct-order-extprop8196-s40-20260512,unknown,skipped_no_incumbent,,1,5,1d1a452a-log-scop=42300; 31b6e7a3-scip-log-scop-rerun2=39300; 835f8aaf-scip-log-scop-dynamic=40800; 9c976720-scip-log-scop-dynamic=41700; bd3c9f7d-scip-log-scop-dynamic=40800,1,4,ace64g-rr-20260505=33900; pycsp3-extra-ortools-1t-rerun1-20260505=33600.0; pycsp3-extra-ortools-1t-verbose1-20260509=33600.0; pycsp3-extra-ortools-20260505=33600.0
482,competition/2022-2025/COP22to25/IHTC-i29_c25.xml.lzma,IHTC,1173b3f4-direct-order-extprop8196-s40-20260512,unknown,skipped_no_incumbent,,1,5,1d1a452a-log-scop=30600; 31b6e7a3-scip-log-scop-rerun2=30000; 835f8aaf-scip-log-scop-dynamic=30000; 9c976720-scip-log-scop-dynamic=30600; bd3c9f7d-scip-log-scop-dynamic=30300,1,1,ace64g-rr-20260505=11400
483,competition/2022-2025/COP22to25/IHTC-i30_c25.xml.lzma,IHTC,1173b3f4-direct-order-extprop8196-s40-20260512,unknown,skipped_no_incumbent,,1,5,1d1a452a-log-scop=38400; 31b6e7a3-scip-log-scop-rerun2=38400; 835f8aaf-scip-log-scop-dynamic=38400; 9c976720-scip-log-scop-dynamic=38400; bd3c9f7d-scip-log-scop-dynamic=38400,0,0,
488,competition/2022-2025/COP22to25/ItemsetMining-k1-mushroom_c22.xml.lzma,ItemsetMining,1173b3f4-direct-order-extprop8196-s40-20260512,unknown,skipped_no_incumbent,,0,0,,1,4,ace64g-rr-20260505=3288; pycsp3-extra-ortools-1t-rerun1-20260505=3288.0; pycsp3-extra-ortools-1t-verbose1-20260509=3288.0; pycsp3-extra-ortools-20260505=3288.0
489,competition/2022-2025/COP22to25/ItemsetMining-k1-pendigits_c22.xml.lzma,ItemsetMining,1173b3f4-direct-order-extprop8196-s40-20260512,unknown,skipped_no_incumbent,,1,5,1d1a452a-log-scop=15; 31b6e7a3-scip-log-scop-rerun2=-5933; 835f8aaf-scip-log-scop-dynamic=-5933; 9c976720-scip-log-scop-dynamic=-5933; bd3c9f7d-scip-log-scop-dynamic=-5933,1,4,ace64g-rr-20260505=724; pycsp3-extra-ortools-1t-rerun1-20260505=724.0; pycsp3-extra-ortools-1t-verbose1-20260509=724.0; pycsp3-extra-ortools-20260505=724.0
490,competition/2022-2025/COP22to25/ItemsetMining-k1-splice-1_c22.xml.lzma,ItemsetMining,1173b3f4-direct-order-extprop8196-s40-20260512,unknown,skipped_no_incumbent,,0,0,,1,4,ace64g-rr-20260505=394; pycsp3-extra-ortools-1t-rerun1-20260505=338.0; pycsp3-extra-ortools-1t-verbose1-20260509=338.0; pycsp3-extra-ortools-20260505=350.0
493,competition/2022-2025/COP22to25/ItemsetMining-k2-german-credit_c22.xml.lzma,ItemsetMining,1173b3f4-direct-order-extprop8196-s40-20260512,unknown,skipped_no_incumbent,,1,6,1d1a452a-direct-order=6; 1d1a452a-log-scop=107; 31b6e7a3-scip-log-scop-rerun2=111; 835f8aaf-scip-log-scop-dynamic=19; 9c976720-scip-log-scop-dynamic=107; bd3c9f7d-scip-log-scop-dynamic=46,1,4,ace64g-rr-20260505=427; pycsp3-extra-ortools-1t-rerun1-20260505=418.0; pycsp3-extra-ortools-1t-verbose1-20260509=418.0; pycsp3-extra-ortools-20260505=427.0
495,competition/2022-2025/COP22to25/ItemsetMining-k2-kr-vs-kp_c22.xml.lzma,ItemsetMining,1173b3f4-direct-order-extprop8196-s40-20260512,unknown,skipped_no_incumbent,,1,3,1d1a452a-log-scop=141; 9c976720-scip-log-scop-dynamic=141; bd3c9f7d-scip-log-scop-dynamic=141,1,4,ace64g-rr-20260505=1488; pycsp3-extra-ortools-1t-rerun1-20260505=1119.0; pycsp3-extra-ortools-1t-verbose1-20260509=1119.0; pycsp3-extra-ortools-20260505=1488.0
496,competition/2022-2025/COP22to25/ItemsetMining-k2-segment_c22.xml.lzma,ItemsetMining,1173b3f4-direct-order-extprop8196-s40-20260512,unknown,skipped_no_incumbent,,1,5,1d1a452a-log-scop=-1542; 31b6e7a3-scip-log-scop-rerun2=-1649; 835f8aaf-scip-log-scop-dynamic=-127; 9c976720-scip-log-scop-dynamic=-1649; bd3c9f7d-scip-log-scop-dynamic=-1649,1,4,ace64g-rr-20260505=325; pycsp3-extra-ortools-1t-rerun1-20260505=327.0; pycsp3-extra-ortools-1t-verbose1-20260509=327.0; pycsp3-extra-ortools-20260505=327.0
498,competition/2022-2025/COP22to25/ItemsetMining-k2-yeast_c22.xml.lzma,ItemsetMining,1173b3f4-direct-order-extprop8196-s40-20260512,unknown,skipped_no_incumbent,,1,6,1d1a452a-direct-order=11; 1d1a452a-log-scop=32; 31b6e7a3-scip-log-scop-rerun2=2; 835f8aaf-scip-log-scop-dynamic=-557; 9c976720-scip-log-scop-dynamic=2; bd3c9f7d-scip-log-scop-dynamic=2,1,4,ace64g-rr-20260505=116; pycsp3-extra-ortools-1t-rerun1-20260505=51.0; pycsp3-extra-ortools-1t-verbose1-20260509=51.0; pycsp3-extra-ortools-20260505=113.0
513,competition/2022-2025/COP22to25/KMedian-aux-pmed15_c23.xml.lzma,KMedian,1173b3f4-direct-order-extprop8196-s40-20260512,unknown,skipped_no_incumbent,,1,4,1d1a452a-direct-order=2874; 31b6e7a3-scip-rerun1=2996; 9c976720-scip-direct-order-dynamic=2839; bd3c9f7d-scip-direct-order-dynamic=2996,1,1,ace64g-rr-20260505=2068
528,competition/2022-2025/COP22to25/LargeScaleScheduling-00100-0_c23.xml.lzma,LargeScaleScheduling,1173b3f4-direct-order-extprop8196-s40-20260512,unknown,skipped_no_incumbent,,0,0,,1,4,ace64g-rr-20260505=222302; pycsp3-extra-ortools-1t-rerun1-20260505=214561.0; pycsp3-extra-ortools-1t-verbose1-20260509=214561.0; pycsp3-extra-ortools-20260505=212495.0
529,competition/2022-2025/COP22to25/LargeScaleScheduling-00200-0_c23.xml.lzma,LargeScaleScheduling,1173b3f4-direct-order-extprop8196-s40-20260512,,skipped_no_incumbent,,0,0,,1,4,ace64g-rr-20260505=397114; pycsp3-extra-ortools-1t-rerun1-20260505=391555.0; pycsp3-extra-ortools-1t-verbose1-20260509=391555.0; pycsp3-extra-ortools-20260505=384663.0
530,competition/2022-2025/COP22to25/LargeScaleScheduling-00400-0_c23.xml.lzma,LargeScaleScheduling,1173b3f4-direct-order-extprop8196-s40-20260512,,skipped_no_incumbent,,0,0,,1,4,ace64g-rr-20260505=852742; pycsp3-extra-ortools-1t-rerun1-20260505=830836.0; pycsp3-extra-ortools-1t-verbose1-20260509=830836.0; pycsp3-extra-ortools-20260505=828562.0
531,competition/2022-2025/COP22to25/LargeScaleScheduling-00800-0_c23.xml.lzma,LargeScaleScheduling,1173b3f4-direct-order-extprop8196-s40-20260512,unknown,skipped_no_incumbent,,0,0,,1,3,pycsp3-extra-ortools-1t-rerun1-20260505=1707610.0; pycsp3-extra-ortools-1t-verbose1-20260509=1707610.0; pycsp3-extra-ortools-20260505=1703293.0
532,competition/2022-2025/COP22to25/LargeScaleScheduling-01600-0_c23.xml.lzma,LargeScaleScheduling,1173b3f4-direct-order-extprop8196-s40-20260512,unknown,skipped_no_incumbent,,0,0,,1,3,pycsp3-extra-ortools-1t-rerun1-20260505=3221674.0; pycsp3-extra-ortools-1t-verbose1-20260509=3221674.0; pycsp3-extra-ortools-20260505=3205920.0
533,competition/2022-2025/COP22to25/LargeScaleScheduling-03200-0_c23.xml.lzma,LargeScaleScheduling,1173b3f4-direct-order-extprop8196-s40-20260512,unknown,skipped_no_incumbent,,0,0,,1,3,pycsp3-extra-ortools-1t-rerun1-20260505=6798723.0; pycsp3-extra-ortools-1t-verbose1-20260509=6798723.0; pycsp3-extra-ortools-20260505=6787460.0
534,competition/2022-2025/COP22to25/LargeScaleScheduling-06400-0_c23.xml.lzma,LargeScaleScheduling,1173b3f4-direct-order-extprop8196-s40-20260512,unknown,skipped_no_incumbent,,0,0,,1,2,pycsp3-extra-ortools-1t-rerun1-20260505=13076281.0; pycsp3-extra-ortools-1t-verbose1-20260509=13076281.0
535,competition/2022-2025/COP22to25/LargeScaleScheduling-12800-0_c23.xml.lzma,LargeScaleScheduling,1173b3f4-direct-order-extprop8196-s40-20260512,unknown,skipped_no_incumbent,,0,0,,1,2,pycsp3-extra-ortools-1t-rerun1-20260505=2875489.0; pycsp3-extra-ortools-1t-verbose1-20260509=2875489.0
536,competition/2022-2025/COP22to25/LargeScaleScheduling-25600-0_c23.xml.lzma,LargeScaleScheduling,1173b3f4-direct-order-extprop8196-s40-20260512,unknown,skipped_no_incumbent,,0,0,,0,0,
543,competition/2022-2025/COP22to25/LitPuzzle-25_c24.xml.lzma,LitPuzzle,1173b3f4-direct-order-extprop8196-s40-20260512,unknown,skipped_no_incumbent,,0,0,,0,0,
545,competition/2022-2025/COP22to25/LitPuzzle-40_c24.xml.lzma,LitPuzzle,1173b3f4-direct-order-extprop8196-s40-20260512,unknown,skipped_no_incumbent,,0,0,,0,0,
546,competition/2022-2025/COP22to25/LitPuzzle-50_c24.xml.lzma,LitPuzzle,1173b3f4-direct-order-extprop8196-s40-20260512,unknown,skipped_no_incumbent,,0,0,,0,0,
558,competition/2022-2025/COP22to25/LowAutocorrelation-800_c25.xml.lzma,LowAutocorrelation,1173b3f4-direct-order-extprop8196-s40-20260512,unknown,skipped_no_incumbent,,1,1,1d1a452a-log-scop=170346800,1,4,ace64g-rr-20260505=161598060; pycsp3-extra-ortools-1t-rerun1-20260505=45260872.0; pycsp3-extra-ortools-1t-verbose1-20260509=45260872.0; pycsp3-extra-ortools-20260505=251128.0
572,competition/2022-2025/COP22to25/MaximumDensityOscillatingLife-7-5_c24.xml.lzma,MaximumDensityOscillatingLife,1173b3f4-direct-order-extprop8196-s40-20260512,unknown,skipped_no_incumbent,,1,1,835f8aaf-scip-log-scop-dynamic=96,0,0,
573,competition/2022-2025/COP22to25/MaximumDensityOscillatingLife-7-6_c24.xml.lzma,MaximumDensityOscillatingLife,1173b3f4-direct-order-extprop8196-s40-20260512,unknown,skipped_no_incumbent,,0,0,,0,0,
579,competition/2022-2025/COP22to25/MetabolicNetwork-36_c25.xml.lzma,MetabolicNetwork,1173b3f4-direct-order-extprop8196-s40-20260512,unknown,skipped_no_incumbent,,0,0,,1,4,ace64g-rr-20260505=3; pycsp3-extra-ortools-1t-rerun1-20260505=3.0; pycsp3-extra-ortools-1t-verbose1-20260509=3.0; pycsp3-extra-ortools-20260505=3.0
580,competition/2022-2025/COP22to25/MetabolicNetwork-37_c25.xml.lzma,MetabolicNetwork,1173b3f4-direct-order-extprop8196-s40-20260512,unknown,skipped_no_incumbent,,0,0,,1,4,ace64g-rr-20260505=1; pycsp3-extra-ortools-1t-rerun1-20260505=1.0; pycsp3-extra-ortools-1t-verbose1-20260509=1.0; pycsp3-extra-ortools-20260505=1.0
581,competition/2022-2025/COP22to25/MetabolicNetwork-38_c25.xml.lzma,MetabolicNetwork,1173b3f4-direct-order-extprop8196-s40-20260512,unknown,skipped_no_incumbent,,0,0,,1,4,ace64g-rr-20260505=2; pycsp3-extra-ortools-1t-rerun1-20260505=2.0; pycsp3-extra-ortools-1t-verbose1-20260509=2.0; pycsp3-extra-ortools-20260505=2.0
582,competition/2022-2025/COP22to25/MetabolicNetwork-39_c25.xml.lzma,MetabolicNetwork,1173b3f4-direct-order-extprop8196-s40-20260512,,skipped_no_incumbent,,0,0,,1,4,ace64g-rr-20260505=2; pycsp3-extra-ortools-1t-rerun1-20260505=2.0; pycsp3-extra-ortools-1t-verbose1-20260509=2.0; pycsp3-extra-ortools-20260505=2.0
583,competition/2022-2025/COP22to25/MetabolicNetwork-40_c25.xml.lzma,MetabolicNetwork,1173b3f4-direct-order-extprop8196-s40-20260512,,skipped_no_incumbent,,0,0,,1,4,ace64g-rr-20260505=15; pycsp3-extra-ortools-1t-rerun1-20260505=15.0; pycsp3-extra-ortools-1t-verbose1-20260509=15.0; pycsp3-extra-ortools-20260505=15.0
585,competition/2022-2025/COP22to25/MetabolicNetwork-43_c25.xml.lzma,MetabolicNetwork,1173b3f4-direct-order-extprop8196-s40-20260512,,skipped_no_incumbent,,0,0,,1,4,ace64g-rr-20260505=1; pycsp3-extra-ortools-1t-rerun1-20260505=1.0; pycsp3-extra-ortools-1t-verbose1-20260509=1.0; pycsp3-extra-ortools-20260505=1.0
586,competition/2022-2025/COP22to25/MetabolicNetwork-45_c25.xml.lzma,MetabolicNetwork,1173b3f4-direct-order-extprop8196-s40-20260512,unknown,skipped_no_incumbent,,0,0,,1,4,ace64g-rr-20260505=2; pycsp3-extra-ortools-1t-rerun1-20260505=2.0; pycsp3-extra-ortools-1t-verbose1-20260509=2.0; pycsp3-extra-ortools-20260505=2.0
587,competition/2022-2025/COP22to25/MetabolicNetwork-47_c25.xml.lzma,MetabolicNetwork,1173b3f4-direct-order-extprop8196-s40-20260512,,skipped_no_incumbent,,0,0,,1,4,ace64g-rr-20260505=1; pycsp3-extra-ortools-1t-rerun1-20260505=1.0; pycsp3-extra-ortools-1t-verbose1-20260509=1.0; pycsp3-extra-ortools-20260505=1.0
588,competition/2022-2025/COP22to25/MetabolicNetwork-49_c25.xml.lzma,MetabolicNetwork,1173b3f4-direct-order-extprop8196-s40-20260512,,skipped_no_incumbent,,0,0,,1,4,ace64g-rr-20260505=3; pycsp3-extra-ortools-1t-rerun1-20260505=3.0; pycsp3-extra-ortools-1t-verbose1-20260509=3.0; pycsp3-extra-ortools-20260505=3.0
627,competition/2022-2025/COP22to25/NurseRostering-19_c22.xml.lzma,NurseRostering,1173b3f4-direct-order-extprop8196-s40-20260512,unknown,skipped_no_incumbent,,1,6,1173b3f4-scip-direct-order-extge-eager-dynwatch=46847; 1d1a452a-direct-order=46044; 31b6e7a3-scip-rerun1=46026; 835f8aaf-scip-direct-order-dynamic=49603; 9c976720-scip-direct-order-dynamic=44818; bd3c9f7d-scip-direct-order-dynamic=46044,0,0,
628,competition/2022-2025/COP22to25/NurseRostering-20_c22.xml.lzma,NurseRostering,1173b3f4-direct-order-extprop8196-s40-20260512,unknown,skipped_no_incumbent,,0,0,,0,0,
635,competition/2022-2025/COP22to25/NursingWorkload-3zones0_c22.xml.lzma,NursingWorkload,1173b3f4-direct-order-extprop8196-s40-20260512,unknown,skipped_no_incumbent,,1,12,1173b3f4-scip-direct-order-extge-eager-dynwatch=106863; 1d1a452a-direct-order=107459; 1d1a452a-log-scop=106681; 31b6e7a3-scip-log-scop-rerun2=107369; 31b6e7a3-scip-rerun1=107459; 835f8aaf-scip-direct-order-dynamic=106863; 835f8aaf-scip-log-scop-dynamic=107215; 9c976720-scip-direct-order-dynamic=107175; 9c976720-scip-log-scop-dynamic=107369; a32997fd-direct-order=107459; bd3c9f7d-scip-direct-order-dynamic=107175; bd3c9f7d-scip-log-scop-dynamic=107369,1,4,ace64g-rr-20260505=106509; pycsp3-extra-ortools-1t-rerun1-20260505=106509.0; pycsp3-extra-ortools-1t-verbose1-20260509=106509.0; pycsp3-extra-ortools-20260505=106509.0
638,competition/2022-2025/COP22to25/NursingWorkload-3zones3_c22.xml.lzma,NursingWorkload,1173b3f4-direct-order-extprop8196-s40-20260512,unknown,skipped_no_incumbent,,1,12,1173b3f4-scip-direct-order-extge-eager-dynwatch=123375; 1d1a452a-direct-order=120465; 1d1a452a-log-scop=120433; 31b6e7a3-scip-log-scop-rerun2=122251; 31b6e7a3-scip-rerun1=120465; 835f8aaf-scip-direct-order-dynamic=123375; 835f8aaf-scip-log-scop-dynamic=123891; 9c976720-scip-direct-order-dynamic=120465; 9c976720-scip-log-scop-dynamic=122251; a32997fd-direct-order=120465; bd3c9f7d-scip-direct-order-dynamic=120465; bd3c9f7d-scip-log-scop-dynamic=122251,1,4,ace64g-rr-20260505=120143; pycsp3-extra-ortools-1t-rerun1-20260505=120143.0; pycsp3-extra-ortools-1t-verbose1-20260509=120143.0; pycsp3-extra-ortools-20260505=121171.0
639,competition/2022-2025/COP22to25/NursingWorkload-3zones4_c22.xml.lzma,NursingWorkload,1173b3f4-direct-order-extprop8196-s40-20260512,unknown,skipped_no_incumbent,,0,0,,0,0,
640,competition/2022-2025/COP22to25/NursingWorkload-6zones_c22.xml.lzma,NursingWorkload,1173b3f4-direct-order-extprop8196-s40-20260512,unknown,skipped_no_incumbent,,0,0,,0,0,
669,competition/2022-2025/COP22to25/Pyramid-12-10000_c24.xml.lzma,Pyramid,1173b3f4-direct-order-extprop8196-s40-20260512,unknown,skipped_no_incumbent,,1,5,1d1a452a-log-scop=9504; 31b6e7a3-scip-log-scop-rerun2=9504; 835f8aaf-scip-log-scop-dynamic=9504; 9c976720-scip-log-scop-dynamic=9504; bd3c9f7d-scip-log-scop-dynamic=9504,1,2,ace64g-rr-20260505=9504; pycsp3-extra-ortools-20260505=9504.0
670,competition/2022-2025/COP22to25/Pyramid-13-20000_c24.xml.lzma,Pyramid,1173b3f4-direct-order-extprop8196-s40-20260512,unknown,skipped_no_incumbent,,1,5,1d1a452a-log-scop=19872; 31b6e7a3-scip-log-scop-rerun2=19872; 835f8aaf-scip-log-scop-dynamic=19872; 9c976720-scip-log-scop-dynamic=19872; bd3c9f7d-scip-log-scop-dynamic=19872,1,2,ace64g-rr-20260505=19872; pycsp3-extra-ortools-20260505=19872.0
671,competition/2022-2025/COP22to25/Pyramid-14-45000_c24.xml.lzma,Pyramid,1173b3f4-direct-order-extprop8196-s40-20260512,unknown,skipped_no_incumbent,,1,5,1d1a452a-log-scop=42149; 31b6e7a3-scip-log-scop-rerun2=42128; 835f8aaf-scip-log-scop-dynamic=44536; 9c976720-scip-log-scop-dynamic=41455; bd3c9f7d-scip-log-scop-dynamic=41455,1,2,ace64g-rr-20260505=41455; pycsp3-extra-ortools-20260505=41455.0
672,competition/2022-2025/COP22to25/Pyramid-15-80000_c24.xml.lzma,Pyramid,1173b3f4-direct-order-extprop8196-s40-20260512,unknown,skipped_no_incumbent,,0,0,,0,0,
673,competition/2022-2025/COP22to25/Pyramid-16-200000_c24.xml.lzma,Pyramid,1173b3f4-direct-order-extprop8196-s40-20260512,,skipped_no_incumbent,,1,4,1d1a452a-log-scop=194363; 31b6e7a3-scip-log-scop-rerun2=194363; 9c976720-scip-log-scop-dynamic=180260; bd3c9f7d-scip-log-scop-dynamic=179768,1,2,ace64g-rr-20260505=178806; pycsp3-extra-ortools-20260505=178630.0
724,competition/2022-2025/COP22to25/RoadefPlaning2-2022-10_c25.xml.lzma,RoadefPlaning2,1173b3f4-direct-order-extprop8196-s40-20260512,unknown,skipped_no_incumbent,,0,0,,0,0,
728,competition/2022-2025/COP22to25/RoadefPlaning2-2023-12_c25.xml.lzma,RoadefPlaning2,1173b3f4-direct-order-extprop8196-s40-20260512,unknown,skipped_no_incumbent,,1,5,1d1a452a-direct-order=38; 31b6e7a3-scip-rerun1=38; 9c976720-scip-direct-order-dynamic=19; a32997fd-direct-order=38; bd3c9f7d-scip-direct-order-dynamic=17,1,4,ace64g-rr-20260505=10; pycsp3-extra-ortools-1t-rerun1-20260505=10.0; pycsp3-extra-ortools-1t-verbose1-20260509=10.0; pycsp3-extra-ortools-20260505=10.0
731,competition/2022-2025/COP22to25/RoadefPlaning2-2024-10_c25.xml.lzma,RoadefPlaning2,1173b3f4-direct-order-extprop8196-s40-20260512,unknown,skipped_no_incumbent,,1,11,1d1a452a-direct-order=13; 1d1a452a-log-scop=8; 31b6e7a3-scip-log-scop-rerun2=8; 31b6e7a3-scip-rerun1=6; 835f8aaf-scip-log-scop-dynamic=12; 9c976720-scip-direct-order-dynamic=4; 9c976720-scip-log-scop-dynamic=9; a32997fd-direct-order=6; aac6b714-scip-direct-order-dynamic=4; bd3c9f7d-scip-direct-order-dynamic=4; bd3c9f7d-scip-log-scop-dynamic=9,1,4,ace64g-rr-20260505=4; pycsp3-extra-ortools-1t-rerun1-20260505=4.0; pycsp3-extra-ortools-1t-verbose1-20260509=4.0; pycsp3-extra-ortools-20260505=4.0
746,competition/2022-2025/COP22to25/RubiksCube-10-4-20-1_c24.xml.lzma,RubiksCube,1173b3f4-direct-order-extprop8196-s40-20260512,unknown,skipped_no_incumbent,,0,0,,0,0,
747,competition/2022-2025/COP22to25/RubiksCube-10-4-20-2_c24.xml.lzma,RubiksCube,1173b3f4-direct-order-extprop8196-s40-20260512,unknown,skipped_no_incumbent,,0,0,,0,0,
750,competition/2022-2025/COP22to25/RubiksCube-11-4-20-1_c24.xml.lzma,RubiksCube,1173b3f4-direct-order-extprop8196-s40-20260512,unknown,skipped_no_incumbent,,0,0,,0,0,
751,competition/2022-2025/COP22to25/RubiksCube-11-4-20-2_c24.xml.lzma,RubiksCube,1173b3f4-direct-order-extprop8196-s40-20260512,unknown,skipped_no_incumbent,,0,0,,0,0,
753,competition/2022-2025/COP22to25/RubiksCube-12-4-20-0_c24.xml.lzma,RubiksCube,1173b3f4-direct-order-extprop8196-s40-20260512,unknown,skipped_no_incumbent,,0,0,,0,0,
755,competition/2022-2025/COP22to25/RubiksCube-12-4-20-2_c24.xml.lzma,RubiksCube,1173b3f4-direct-order-extprop8196-s40-20260512,unknown,skipped_no_incumbent,,0,0,,0,0,
756,competition/2022-2025/COP22to25/RubiksCube-13-4-20-0_c24.xml.lzma,RubiksCube,1173b3f4-direct-order-extprop8196-s40-20260512,unknown,skipped_no_incumbent,,0,0,,0,0,
757,competition/2022-2025/COP22to25/RubiksCube-13-4-20-1_c24.xml.lzma,RubiksCube,1173b3f4-direct-order-extprop8196-s40-20260512,unknown,skipped_no_incumbent,,0,0,,0,0,
758,competition/2022-2025/COP22to25/RubiksCube-13-4-20-2_c24.xml.lzma,RubiksCube,1173b3f4-direct-order-extprop8196-s40-20260512,unknown,skipped_no_incumbent,,0,0,,0,0,
759,competition/2022-2025/COP22to25/Rulemining-fmeas--hab-10-2_c23.xml.lzma,Rulemining,1173b3f4-direct-order-extprop8196-s40-20260512,unknown,skipped_no_incumbent,,0,0,,0,0,
772,competition/2022-2025/COP22to25/SREFLP-Cl30_c23.xml.lzma,SREFLP,1173b3f4-direct-order-extprop8196-s40-20260512,unknown,skipped_no_incumbent,,1,12,1173b3f4-scip-direct-order-extge-eager-dynwatch=337410; 1d1a452a-direct-order=337410; 1d1a452a-log-scop=295630; 31b6e7a3-scip-log-scop-rerun2=301060; 31b6e7a3-scip-rerun1=325610; 835f8aaf-scip-direct-order-dynamic=337410; 835f8aaf-scip-log-scop-dynamic=334870; 9c976720-scip-direct-order-dynamic=298980; 9c976720-scip-log-scop-dynamic=301060; a32997fd-direct-order=337410; bd3c9f7d-scip-direct-order-dynamic=337410; bd3c9f7d-scip-log-scop-dynamic=301060,1,4,ace64g-rr-20260505=207590; pycsp3-extra-ortools-1t-rerun1-20260505=223990.0; pycsp3-extra-ortools-1t-verbose1-20260509=225400.0; pycsp3-extra-ortools-20260505=239240.0
788,competition/2022-2025/COP22to25/SameQueensKnights-b-30_c24.xml.lzma,SameQueensKnights,1173b3f4-direct-order-extprop8196-s40-20260512,unknown,skipped_no_incumbent,,1,12,1173b3f4-scip-direct-order-extge-eager-dynwatch=49; 1d1a452a-direct-order=22; 1d1a452a-log-scop=32; 31b6e7a3-scip-log-scop-rerun2=32; 31b6e7a3-scip-rerun1=36; 835f8aaf-scip-direct-order-dynamic=22; 835f8aaf-scip-log-scop-dynamic=32; 9c976720-scip-direct-order-dynamic=39; 9c976720-scip-log-scop-dynamic=32; aac6b714-scip-direct-order-dynamic=22; bd3c9f7d-scip-direct-order-dynamic=22; bd3c9f7d-scip-log-scop-dynamic=32,1,4,ace64g-rr-20260505=52; pycsp3-extra-ortools-1t-rerun1-20260505=50.0; pycsp3-extra-ortools-1t-verbose1-20260509=50.0; pycsp3-extra-ortools-20260505=50.0
789,competition/2022-2025/COP22to25/SameQueensKnights-b-35_c24.xml.lzma,SameQueensKnights,1173b3f4-direct-order-extprop8196-s40-20260512,unknown,skipped_no_incumbent,,1,12,1173b3f4-scip-direct-order-extge-eager-dynwatch=58; 1d1a452a-direct-order=29; 1d1a452a-log-scop=44; 31b6e7a3-scip-log-scop-rerun2=36; 31b6e7a3-scip-rerun1=29; 835f8aaf-scip-direct-order-dynamic=29; 835f8aaf-scip-log-scop-dynamic=38; 9c976720-scip-direct-order-dynamic=44; 9c976720-scip-log-scop-dynamic=36; aac6b714-scip-direct-order-dynamic=29; bd3c9f7d-scip-direct-order-dynamic=29; bd3c9f7d-scip-log-scop-dynamic=39,1,4,ace64g-rr-20260505=61; pycsp3-extra-ortools-1t-rerun1-20260505=59.0; pycsp3-extra-ortools-1t-verbose1-20260509=59.0; pycsp3-extra-ortools-20260505=59.0
796,competition/2022-2025/COP22to25/SameQueensKnights-b-70_c24.xml.lzma,SameQueensKnights,1173b3f4-direct-order-extprop8196-s40-20260512,unknown,skipped_no_incumbent,,0,0,,1,4,ace64g-rr-20260505=121; pycsp3-extra-ortools-1t-rerun1-20260505=23.0; pycsp3-extra-ortools-1t-verbose1-20260509=23.0; pycsp3-extra-ortools-20260505=117.0
797,competition/2022-2025/COP22to25/SameQueensKnights-b-75_c24.xml.lzma,SameQueensKnights,1173b3f4-direct-order-extprop8196-s40-20260512,unknown,skipped_no_incumbent,,0,0,,1,4,ace64g-rr-20260505=133; pycsp3-extra-ortools-1t-rerun1-20260505=8.0; pycsp3-extra-ortools-1t-verbose1-20260509=8.0; pycsp3-extra-ortools-20260505=123.0
811,competition/2022-2025/COP22to25/SchedulingOS-gp-10-05_c25.xml.lzma,SchedulingOS,1173b3f4-direct-order-extprop8196-s40-20260512,unknown,skipped_no_incumbent,,1,13,1173b3f4-scip-direct-order-extge-eager-dynwatch=10329; 1d1a452a-direct-order=4820; 1d1a452a-log-scop=3841; 31b6e7a3-scip-log-scop-rerun2=3568; 31b6e7a3-scip-rerun1=10329; 835f8aaf-scip-direct-order-dynamic=10329; 835f8aaf-scip-log-scop-dynamic=1333; 9c976720-scip-direct-order-dynamic=9421; 9c976720-scip-log-scop-dynamic=2090; a32997fd-direct-order=9856; aac6b714-scip-direct-order-dynamic=10155; bd3c9f7d-scip-direct-order-dynamic=10329; bd3c9f7d-scip-log-scop-dynamic=1360,1,4,ace64g-rr-20260505=1330; pycsp3-extra-ortools-1t-rerun1-20260505=1082.0; pycsp3-extra-ortools-1t-verbose1-20260509=1082.0; pycsp3-extra-ortools-20260505=1096.0
879,competition/2022-2025/COP22to25/TSPTW2-n060w080-1_c23.xml.lzma,TSPTW2,1173b3f4-direct-order-extprop8196-s40-20260512,unknown,skipped_no_incumbent,,1,7,1173b3f4-scip-direct-order-extge-eager-dynwatch=559; 1d1a452a-direct-order=567; 31b6e7a3-scip-rerun1=574; 835f8aaf-scip-direct-order-dynamic=574; 9c976720-scip-direct-order-dynamic=565; a32997fd-direct-order=574; bd3c9f7d-scip-direct-order-dynamic=574,1,3,pycsp3-extra-ortools-1t-rerun1-20260505=492.0; pycsp3-extra-ortools-1t-verbose1-20260509=492.0; pycsp3-extra-ortools-20260505=458.0
885,competition/2022-2025/COP22to25/TankAllocation1-2000_c25.xml.lzma,TankAllocation1,1173b3f4-direct-order-extprop8196-s40-20260512,unknown,skipped_no_incumbent,,1,7,1173b3f4-scip-direct-order-extge-eager-dynwatch=0; 1d1a452a-log-scop=621; 31b6e7a3-scip-log-scop-rerun2=621; 835f8aaf-scip-direct-order-dynamic=0; 835f8aaf-scip-log-scop-dynamic=255; 9c976720-scip-log-scop-dynamic=929; bd3c9f7d-scip-log-scop-dynamic=227,1,2,ace64g-rr-20260505=1176; pycsp3-extra-ortools-20260505=1403.0
898,competition/2022-2025/COP22to25/TestScheduling-t020m10r03-1_c24.xml.lzma,TestScheduling,1173b3f4-direct-order-extprop8196-s40-20260512,unknown,skipped_no_incumbent,,1,12,1d1a452a-direct-order=8325; 1d1a452a-log-scop=1876; 2c9fbcd6-order-ge-guarded-1800s=1876; 31b6e7a3-scip-log-scop-rerun2=1876; 31b6e7a3-scip-rerun1=1876; 835f8aaf-scip-log-scop-dynamic=1876; 9c976720-scip-direct-order-dynamic=1876; 9c976720-scip-log-scop-dynamic=1876; a32997fd-direct-order=8054; aac6b714-scip-direct-order-dynamic=1876; bd3c9f7d-scip-direct-order-dynamic=8325; bd3c9f7d-scip-log-scop-dynamic=1876,1,4,ace64g-rr-20260505=1876; pycsp3-extra-ortools-1t-rerun1-20260505=1876.0; pycsp3-extra-ortools-1t-verbose1-20260509=1876.0; pycsp3-extra-ortools-20260505=1876.0
899,competition/2022-2025/COP22to25/TestScheduling-t020m10r05-1_c24.xml.lzma,TestScheduling,1173b3f4-direct-order-extprop8196-s40-20260512,unknown,skipped_no_incumbent,,1,11,1d1a452a-direct-order=9658; 1d1a452a-log-scop=4104; 31b6e7a3-scip-log-scop-rerun2=2586; 31b6e7a3-scip-rerun1=8955; 835f8aaf-scip-log-scop-dynamic=2586; 9c976720-scip-direct-order-dynamic=8950; 9c976720-scip-log-scop-dynamic=2586; a32997fd-direct-order=9389; aac6b714-scip-direct-order-dynamic=8984; bd3c9f7d-scip-direct-order-dynamic=9658; bd3c9f7d-scip-log-scop-dynamic=2586,1,4,ace64g-rr-20260505=2586; pycsp3-extra-ortools-1t-rerun1-20260505=2586.0; pycsp3-extra-ortools-1t-verbose1-20260509=2586.0; pycsp3-extra-ortools-20260505=2586.0
900,competition/2022-2025/COP22to25/TestScheduling-t020m10r10-1_c24.xml.lzma,TestScheduling,1173b3f4-direct-order-extprop8196-s40-20260512,unknown,skipped_no_incumbent,,1,12,1d1a452a-direct-order=9841; 1d1a452a-log-scop=1337; 2c9fbcd6-order-ge-guarded-1800s=1337; 31b6e7a3-scip-log-scop-rerun2=1337; 31b6e7a3-scip-rerun1=1758; 835f8aaf-scip-log-scop-dynamic=1337; 9c976720-scip-direct-order-dynamic=1968; 9c976720-scip-log-scop-dynamic=1337; a32997fd-direct-order=9592; aac6b714-scip-direct-order-dynamic=1946; bd3c9f7d-scip-direct-order-dynamic=9841; bd3c9f7d-scip-log-scop-dynamic=1337,1,4,ace64g-rr-20260505=1337; pycsp3-extra-ortools-1t-rerun1-20260505=1337.0; pycsp3-extra-ortools-1t-verbose1-20260509=1337.0; pycsp3-extra-ortools-20260505=1337.0
901,competition/2022-2025/COP22to25/TestScheduling-t030m10r03-1_c24.xml.lzma,TestScheduling,1173b3f4-direct-order-extprop8196-s40-20260512,unknown,skipped_no_incumbent,,1,12,1d1a452a-direct-order=11558; 1d1a452a-log-scop=8573; 2c9fbcd6-order-ge-guarded-1800s=2901; 31b6e7a3-scip-log-scop-rerun2=2901; 31b6e7a3-scip-rerun1=3334; 835f8aaf-scip-log-scop-dynamic=2905; 9c976720-scip-direct-order-dynamic=3782; 9c976720-scip-log-scop-dynamic=2901; a32997fd-direct-order=11397; aac6b714-scip-direct-order-dynamic=11558; bd3c9f7d-scip-direct-order-dynamic=11558; bd3c9f7d-scip-log-scop-dynamic=2941,1,4,ace64g-rr-20260505=2901; pycsp3-extra-ortools-1t-rerun1-20260505=2901.0; pycsp3-extra-ortools-1t-verbose1-20260509=2901.0; pycsp3-extra-ortools-20260505=2901.0
902,competition/2022-2025/COP22to25/TestScheduling-t030m10r05-1_c24.xml.lzma,TestScheduling,1173b3f4-direct-order-extprop8196-s40-20260512,unknown,skipped_no_incumbent,,1,12,1d1a452a-direct-order=11216; 1d1a452a-log-scop=8733; 2c9fbcd6-order-ge-guarded-1800s=1998; 31b6e7a3-scip-log-scop-rerun2=1998; 31b6e7a3-scip-rerun1=2419; 835f8aaf-scip-log-scop-dynamic=1998; 9c976720-scip-direct-order-dynamic=3821; 9c976720-scip-log-scop-dynamic=1998; a32997fd-direct-order=11049; aac6b714-scip-direct-order-dynamic=11216; bd3c9f7d-scip-direct-order-dynamic=11216; bd3c9f7d-scip-log-scop-dynamic=1998,1,4,ace64g-rr-20260505=1998; pycsp3-extra-ortools-1t-rerun1-20260505=1998.0; pycsp3-extra-ortools-1t-verbose1-20260509=1998.0; pycsp3-extra-ortools-20260505=1998.0
903,competition/2022-2025/COP22to25/TestScheduling-t030m10r10-1_c24.xml.lzma,TestScheduling,1173b3f4-direct-order-extprop8196-s40-20260512,unknown,skipped_no_incumbent,,1,12,1d1a452a-direct-order=12926; 1d1a452a-log-scop=10006; 2c9fbcd6-order-ge-guarded-1800s=3344; 31b6e7a3-scip-log-scop-rerun2=3349; 31b6e7a3-scip-rerun1=3456; 835f8aaf-scip-log-scop-dynamic=3402; 9c976720-scip-direct-order-dynamic=5999; 9c976720-scip-log-scop-dynamic=3574; a32997fd-direct-order=12773; aac6b714-scip-direct-order-dynamic=12926; bd3c9f7d-scip-direct-order-dynamic=12926; bd3c9f7d-scip-log-scop-dynamic=3344,1,4,ace64g-rr-20260505=3344; pycsp3-extra-ortools-1t-rerun1-20260505=3344.0; pycsp3-extra-ortools-1t-verbose1-20260509=3344.0; pycsp3-extra-ortools-20260505=3344.0
904,competition/2022-2025/COP22to25/TestScheduling-t030m20r03-1_c24.xml.lzma,TestScheduling,1173b3f4-direct-order-extprop8196-s40-20260512,unknown,skipped_no_incumbent,,1,12,1d1a452a-direct-order=11037; 1d1a452a-log-scop=4778; 2c9fbcd6-order-ge-guarded-1800s=2200; 31b6e7a3-scip-log-scop-rerun2=2200; 31b6e7a3-scip-rerun1=2484; 835f8aaf-scip-log-scop-dynamic=2200; 9c976720-scip-direct-order-dynamic=3933; 9c976720-scip-log-scop-dynamic=2200; a32997fd-direct-order=10870; aac6b714-scip-direct-order-dynamic=11037; bd3c9f7d-scip-direct-order-dynamic=11037; bd3c9f7d-scip-log-scop-dynamic=2200,1,4,ace64g-rr-20260505=2200; pycsp3-extra-ortools-1t-rerun1-20260505=2200.0; pycsp3-extra-ortools-1t-verbose1-20260509=2200.0; pycsp3-extra-ortools-20260505=2200.0
905,competition/2022-2025/COP22to25/TestScheduling-t030m20r05-1_c24.xml.lzma,TestScheduling,1173b3f4-direct-order-extprop8196-s40-20260512,unknown,skipped_no_incumbent,,1,12,1d1a452a-direct-order=13023; 1d1a452a-log-scop=6843; 2c9fbcd6-order-ge-guarded-1800s=3195; 31b6e7a3-scip-log-scop-rerun2=3195; 31b6e7a3-scip-rerun1=3195; 835f8aaf-scip-log-scop-dynamic=3195; 9c976720-scip-direct-order-dynamic=4473; 9c976720-scip-log-scop-dynamic=3195; a32997fd-direct-order=12875; aac6b714-scip-direct-order-dynamic=13023; bd3c9f7d-scip-direct-order-dynamic=13023; bd3c9f7d-scip-log-scop-dynamic=3195,1,4,ace64g-rr-20260505=3195; pycsp3-extra-ortools-1t-rerun1-20260505=3195.0; pycsp3-extra-ortools-1t-verbose1-20260509=3195.0; pycsp3-extra-ortools-20260505=3195.0
906,competition/2022-2025/COP22to25/TestScheduling-t030m20r10-1_c24.xml.lzma,TestScheduling,1173b3f4-direct-order-extprop8196-s40-20260512,unknown,skipped_no_incumbent,,1,11,1d1a452a-direct-order=11355; 1d1a452a-log-scop=6741; 31b6e7a3-scip-log-scop-rerun2=3702; 31b6e7a3-scip-rerun1=4313; 835f8aaf-scip-log-scop-dynamic=3702; 9c976720-scip-direct-order-dynamic=5393; 9c976720-scip-log-scop-dynamic=3702; a32997fd-direct-order=11189; aac6b714-scip-direct-order-dynamic=11355; bd3c9f7d-scip-direct-order-dynamic=11355; bd3c9f7d-scip-log-scop-dynamic=3702,1,4,ace64g-rr-20260505=3702; pycsp3-extra-ortools-1t-rerun1-20260505=3702.0; pycsp3-extra-ortools-1t-verbose1-20260509=3702.0; pycsp3-extra-ortools-20260505=3702.0
907,competition/2022-2025/COP22to25/TestScheduling-t050m10r03-1_c24.xml.lzma,TestScheduling,1173b3f4-direct-order-extprop8196-s40-20260512,unknown,skipped_no_incumbent,,1,6,1d1a452a-log-scop=20111; 31b6e7a3-scip-log-scop-rerun2=19232; 835f8aaf-scip-log-scop-dynamic=18199; 9c976720-scip-log-scop-dynamic=19216; a32997fd-direct-order=20786; bd3c9f7d-scip-log-scop-dynamic=20432,1,4,ace64g-rr-20260505=7067; pycsp3-extra-ortools-1t-rerun1-20260505=7067.0; pycsp3-extra-ortools-1t-verbose1-20260509=7067.0; pycsp3-extra-ortools-20260505=7067.0
908,competition/2022-2025/COP22to25/TestScheduling-t050m10r05-1_c24.xml.lzma,TestScheduling,1173b3f4-direct-order-extprop8196-s40-20260512,unknown,skipped_no_incumbent,,1,5,1d1a452a-log-scop=20461; 31b6e7a3-scip-log-scop-rerun2=18849; 835f8aaf-scip-log-scop-dynamic=18489; 9c976720-scip-log-scop-dynamic=18820; bd3c9f7d-scip-log-scop-dynamic=20498,1,4,ace64g-rr-20260505=5397; pycsp3-extra-ortools-1t-rerun1-20260505=5397.0; pycsp3-extra-ortools-1t-verbose1-20260509=5397.0; pycsp3-extra-ortools-20260505=5397.0
909,competition/2022-2025/COP22to25/TestScheduling-t050m10r10-1_c24.xml.lzma,TestScheduling,1173b3f4-direct-order-extprop8196-s40-20260512,unknown,skipped_no_incumbent,,1,5,1d1a452a-log-scop=23076; 31b6e7a3-scip-log-scop-rerun2=17835; 835f8aaf-scip-log-scop-dynamic=19418; 9c976720-scip-log-scop-dynamic=17581; bd3c9f7d-scip-log-scop-dynamic=23058,1,4,ace64g-rr-20260505=6499; pycsp3-extra-ortools-1t-rerun1-20260505=6499.0; pycsp3-extra-ortools-1t-verbose1-20260509=6499.0; pycsp3-extra-ortools-20260505=6499.0
910,competition/2022-2025/COP22to25/TestScheduling-t050m20r03-1_c24.xml.lzma,TestScheduling,1173b3f4-direct-order-extprop8196-s40-20260512,unknown,skipped_no_incumbent,,1,5,1d1a452a-log-scop=19920; 31b6e7a3-scip-log-scop-rerun2=19297; 835f8aaf-scip-log-scop-dynamic=16850; 9c976720-scip-log-scop-dynamic=19135; bd3c9f7d-scip-log-scop-dynamic=19922,1,4,ace64g-rr-20260505=3869; pycsp3-extra-ortools-1t-rerun1-20260505=3869.0; pycsp3-extra-ortools-1t-verbose1-20260509=3869.0; pycsp3-extra-ortools-20260505=3869.0
911,competition/2022-2025/COP22to25/TestScheduling-t050m20r05-1_c24.xml.lzma,TestScheduling,1173b3f4-direct-order-extprop8196-s40-20260512,unknown,skipped_no_incumbent,,1,9,1d1a452a-direct-order=19764; 1d1a452a-log-scop=19149; 31b6e7a3-scip-log-scop-rerun2=18290; 835f8aaf-scip-log-scop-dynamic=18447; 9c976720-scip-direct-order-dynamic=19764; 9c976720-scip-log-scop-dynamic=18230; a32997fd-direct-order=19759; aac6b714-scip-direct-order-dynamic=19764; bd3c9f7d-scip-log-scop-dynamic=19317,1,4,ace64g-rr-20260505=6273; pycsp3-extra-ortools-1t-rerun1-20260505=6273.0; pycsp3-extra-ortools-1t-verbose1-20260509=6273.0; pycsp3-extra-ortools-20260505=6273.0
912,competition/2022-2025/COP22to25/TestScheduling-t050m20r10-1_c24.xml.lzma,TestScheduling,1173b3f4-direct-order-extprop8196-s40-20260512,unknown,skipped_no_incumbent,,1,5,1d1a452a-log-scop=21290; 31b6e7a3-scip-log-scop-rerun2=16737; 835f8aaf-scip-log-scop-dynamic=16673; 9c976720-scip-log-scop-dynamic=16673; bd3c9f7d-scip-log-scop-dynamic=17192,1,4,ace64g-rr-20260505=5211; pycsp3-extra-ortools-1t-rerun1-20260505=5211.0; pycsp3-extra-ortools-1t-verbose1-20260509=5211.0; pycsp3-extra-ortools-20260505=5211.0
913,competition/2022-2025/COP22to25/TestScheduling-t100m10r03-1_c24.xml.lzma,TestScheduling,1173b3f4-direct-order-extprop8196-s40-20260512,unknown,skipped_no_incumbent,,0,0,,1,4,ace64g-rr-20260505=8711; pycsp3-extra-ortools-1t-rerun1-20260505=8711.0; pycsp3-extra-ortools-1t-verbose1-20260509=8711.0; pycsp3-extra-ortools-20260505=8711.0
914,competition/2022-2025/COP22to25/TestScheduling-t100m10r05-1_c24.xml.lzma,TestScheduling,1173b3f4-direct-order-extprop8196-s40-20260512,unknown,skipped_no_incumbent,,0,0,,1,4,ace64g-rr-20260505=7304; pycsp3-extra-ortools-1t-rerun1-20260505=7406.0; pycsp3-extra-ortools-1t-verbose1-20260509=7406.0; pycsp3-extra-ortools-20260505=7304.0
915,competition/2022-2025/COP22to25/TestScheduling-t100m10r10-1_c24.xml.lzma,TestScheduling,1173b3f4-direct-order-extprop8196-s40-20260512,unknown,skipped_no_incumbent,,0,0,,1,4,ace64g-rr-20260505=10491; pycsp3-extra-ortools-1t-rerun1-20260505=10491.0; pycsp3-extra-ortools-1t-verbose1-20260509=10491.0; pycsp3-extra-ortools-20260505=10491.0
916,competition/2022-2025/COP22to25/TestScheduling-t100m20r03-1_c24.xml.lzma,TestScheduling,1173b3f4-direct-order-extprop8196-s40-20260512,unknown,skipped_no_incumbent,,0,0,,1,4,ace64g-rr-20260505=6585; pycsp3-extra-ortools-1t-rerun1-20260505=6585.0; pycsp3-extra-ortools-1t-verbose1-20260509=6585.0; pycsp3-extra-ortools-20260505=6585.0
917,competition/2022-2025/COP22to25/TestScheduling-t100m20r05-1_c24.xml.lzma,TestScheduling,1173b3f4-direct-order-extprop8196-s40-20260512,unknown,skipped_no_incumbent,,0,0,,1,4,ace64g-rr-20260505=9098; pycsp3-extra-ortools-1t-rerun1-20260505=9098.0; pycsp3-extra-ortools-1t-verbose1-20260509=9098.0; pycsp3-extra-ortools-20260505=9098.0
918,competition/2022-2025/COP22to25/TestScheduling-t100m20r10-1_c24.xml.lzma,TestScheduling,1173b3f4-direct-order-extprop8196-s40-20260512,unknown,skipped_no_incumbent,,0,0,,1,4,ace64g-rr-20260505=12430; pycsp3-extra-ortools-1t-rerun1-20260505=12469.0; pycsp3-extra-ortools-1t-verbose1-20260509=12469.0; pycsp3-extra-ortools-20260505=12412.0
931,competition/2022-2025/COP22to25/TravelingTournament-galaxy36_c24.xml.lzma,TravelingTournament,1173b3f4-direct-order-extprop8196-s40-20260512,unknown,skipped_no_incumbent,,1,6,1d1a452a-direct-order=274285; 31b6e7a3-scip-rerun1=274285; 835f8aaf-scip-direct-order-dynamic=279010; 835f8aaf-scip-log-scop-dynamic=278048; 9c976720-scip-direct-order-dynamic=274285; bd3c9f7d-scip-direct-order-dynamic=274285,1,1,ace64g-rr-20260505=240684
932,competition/2022-2025/COP22to25/TravelingTournament-galaxy40_c24.xml.lzma,TravelingTournament,1173b3f4-direct-order-extprop8196-s40-20260512,unknown,skipped_no_incumbent,,1,4,1d1a452a-direct-order=404025; 31b6e7a3-scip-rerun1=404025; 9c976720-scip-direct-order-dynamic=404025; bd3c9f7d-scip-direct-order-dynamic=404025,1,1,ace64g-rr-20260505=362220
981,competition/2022-2025/COP22to25/WordGolf-6-ogd2008-50-1_c24.xml.lzma,WordGolf,1173b3f4-direct-order-extprop8196-s40-20260512,unknown,skipped_no_incumbent,,1,8,1173b3f4-scip-direct-order-extge-eager-dynwatch=48; 1d1a452a-direct-order=49; 31b6e7a3-scip-rerun1=48; 835f8aaf-scip-direct-order-dynamic=48; 9c976720-scip-direct-order-dynamic=32; a32997fd-direct-order=12; aac6b714-scip-direct-order-dynamic=49; bd3c9f7d-scip-direct-order-dynamic=49,1,3,ace64g-rr-20260505=12; pycsp3-extra-ortools-1t-rerun1-20260505=12.0; pycsp3-extra-ortools-1t-verbose1-20260509=12.0
982,competition/2022-2025/COP22to25/WordGolf-6-ogd2008-50-2_c24.xml.lzma,WordGolf,1173b3f4-direct-order-extprop8196-s40-20260512,unknown,skipped_no_incumbent,,1,8,1173b3f4-scip-direct-order-extge-eager-dynwatch=11; 1d1a452a-direct-order=49; 31b6e7a3-scip-rerun1=49; 835f8aaf-scip-direct-order-dynamic=18; 9c976720-scip-direct-order-dynamic=49; a32997fd-direct-order=47; aac6b714-scip-direct-order-dynamic=37; bd3c9f7d-scip-direct-order-dynamic=49,1,3,ace64g-rr-20260505=11; pycsp3-extra-ortools-1t-rerun1-20260505=11.0; pycsp3-extra-ortools-1t-verbose1-20260509=31.0
984,competition/2022-2025/COP22to25/WordGolf-7-ogd2008-50-0_c24.xml.lzma,WordGolf,1173b3f4-direct-order-extprop8196-s40-20260512,unknown,skipped_no_incumbent,,0,0,,0,0,
987,competition/2022-2025/COP22to25/WordGolf-7-ogd2008-50-3_c24.xml.lzma,WordGolf,1173b3f4-direct-order-extprop8196-s40-20260512,unknown,skipped_no_incumbent,,0,0,,0,0,
