instance_id,instance_relpath
1,competition/2022-2025/COP22to25/AircraftAssemblyLine-1-178-00-0_c23.xml.lzma
2,competition/2022-2025/COP22to25/AircraftAssemblyLine-1-178-20-0_c23.xml.lzma
3,competition/2022-2025/COP22to25/AircraftAssemblyLine-1-178-20-1_c23.xml.lzma
4,competition/2022-2025/COP22to25/AircraftAssemblyLine-1-178-20-2_c23.xml.lzma
5,competition/2022-2025/COP22to25/AircraftAssemblyLine-1-178-50-0_c23.xml.lzma
6,competition/2022-2025/COP22to25/AircraftAssemblyLine-1-178-50-1_c23.xml.lzma
7,competition/2022-2025/COP22to25/AircraftAssemblyLine-1-178-50-2_c23.xml.lzma
8,competition/2022-2025/COP22to25/AircraftAssemblyLine-1-178-70-0_c23.xml.lzma
9,competition/2022-2025/COP22to25/AircraftAssemblyLine-1-178-70-1_c23.xml.lzma
10,competition/2022-2025/COP22to25/AircraftAssemblyLine-1-178-70-2_c23.xml.lzma
11,competition/2022-2025/COP22to25/AircraftAssemblyLine-2-178-00-0_c23.xml.lzma
12,competition/2022-2025/COP22to25/AircraftAssemblyLine-2-178-20-0_c23.xml.lzma
13,competition/2022-2025/COP22to25/AircraftAssemblyLine-2-178-20-1_c23.xml.lzma
14,competition/2022-2025/COP22to25/AircraftAssemblyLine-2-178-20-2_c23.xml.lzma
15,competition/2022-2025/COP22to25/AircraftAssemblyLine-2-178-50-0_c23.xml.lzma
16,competition/2022-2025/COP22to25/AircraftAssemblyLine-2-178-50-1_c23.xml.lzma
17,competition/2022-2025/COP22to25/AircraftAssemblyLine-2-178-50-2_c23.xml.lzma
18,competition/2022-2025/COP22to25/AircraftAssemblyLine-2-178-70-0_c23.xml.lzma
19,competition/2022-2025/COP22to25/AircraftAssemblyLine-2-178-70-1_c23.xml.lzma
20,competition/2022-2025/COP22to25/AircraftAssemblyLine-2-178-70-2_c23.xml.lzma
21,competition/2022-2025/COP22to25/AircraftAssemblyLine-3-628-000-0_c24.xml.lzma
22,competition/2022-2025/COP22to25/AircraftAssemblyLine-3-628-020-0_c24.xml.lzma
23,competition/2022-2025/COP22to25/AircraftAssemblyLine-3-628-020-1_c24.xml.lzma
24,competition/2022-2025/COP22to25/AircraftAssemblyLine-3-628-020-2_c24.xml.lzma
25,competition/2022-2025/COP22to25/AircraftAssemblyLine-3-628-050-0_c24.xml.lzma
26,competition/2022-2025/COP22to25/AircraftAssemblyLine-3-628-050-1_c24.xml.lzma
27,competition/2022-2025/COP22to25/AircraftAssemblyLine-3-628-050-2_c24.xml.lzma
28,competition/2022-2025/COP22to25/AircraftAssemblyLine-3-628-070-0_c24.xml.lzma
29,competition/2022-2025/COP22to25/AircraftAssemblyLine-3-628-070-1_c24.xml.lzma
30,competition/2022-2025/COP22to25/AircraftAssemblyLine-3-628-070-2_c24.xml.lzma
31,competition/2022-2025/COP22to25/AircraftAssemblyLine-3-628-100-0_c24.xml.lzma
32,competition/2022-2025/COP22to25/AircraftAssemblyLine-3-628-100-1_c24.xml.lzma
33,competition/2022-2025/COP22to25/AircraftAssemblyLine-3-628-100-2_c24.xml.lzma
34,competition/2022-2025/COP22to25/AircraftAssemblyLine-3-628-150-0_c24.xml.lzma
35,competition/2022-2025/COP22to25/AircraftAssemblyLine-3-628-150-1_c24.xml.lzma
36,competition/2022-2025/COP22to25/AircraftAssemblyLine-3-628-150-2_c24.xml.lzma
89,competition/2022-2025/COP22to25/Benzenoide-09_c23.xml.lzma
90,competition/2022-2025/COP22to25/Benzenoide-10_c23.xml.lzma
91,competition/2022-2025/COP22to25/Benzenoide-11_c23.xml.lzma
92,competition/2022-2025/COP22to25/Benzenoide-12_c23.xml.lzma
93,competition/2022-2025/COP22to25/Benzenoide-13_c23.xml.lzma
94,competition/2022-2025/COP22to25/Benzenoide-14_c23.xml.lzma
95,competition/2022-2025/COP22to25/Benzenoide-15_c23.xml.lzma
101,competition/2022-2025/COP22to25/BinPacking-n4c1w1a_c24.xml.lzma
133,competition/2022-2025/COP22to25/BusScheduling-r3_c25.xml.lzma
136,competition/2022-2025/COP22to25/BusScheduling-r5a_c25.xml.lzma
160,competition/2022-2025/COP22to25/Cargo-01-0s-1913_c24.xml.lzma
161,competition/2022-2025/COP22to25/Cargo-02-0s-1139_c24.xml.lzma
162,competition/2022-2025/COP22to25/Cargo-04-1s-626_c24.xml.lzma
163,competition/2022-2025/COP22to25/Cargo-05-1s-954_c24.xml.lzma
164,competition/2022-2025/COP22to25/Cargo-06-1s-3927_c24.xml.lzma
165,competition/2022-2025/COP22to25/Cargo-07-1s-133_c24.xml.lzma
166,competition/2022-2025/COP22to25/Cargo-08-222f-3475_c24.xml.lzma
167,competition/2022-2025/COP22to25/Cargo-09-1s-18_c24.xml.lzma
168,competition/2022-2025/COP22to25/Cargo-10-15966f-2060_c24.xml.lzma
169,competition/2022-2025/COP22to25/Cargo-12-1422f-1644_c24.xml.lzma
170,competition/2022-2025/COP22to25/Cargo-16-10720f-4243_c24.xml.lzma
171,competition/2022-2025/COP22to25/Cargo-19-31058f-2548_c24.xml.lzma
172,competition/2022-2025/COP22to25/Cargo-20-27613f-2435_c24.xml.lzma
173,competition/2022-2025/COP22to25/Cargo-22_c24.xml.lzma
174,competition/2022-2025/COP22to25/Cargo-24_c24.xml.lzma
175,competition/2022-2025/COP22to25/Cargo-25_c24.xml.lzma
181,competition/2022-2025/COP22to25/CarpetCutting-test06_c23.xml.lzma
182,competition/2022-2025/COP22to25/CarpetCutting-test07_c23.xml.lzma
183,competition/2022-2025/COP22to25/CarpetCutting-test08_c23.xml.lzma
184,competition/2022-2025/COP22to25/CarpetCutting-test09_c23.xml.lzma
185,competition/2022-2025/COP22to25/CarpetCutting-test10_c23.xml.lzma
189,competition/2022-2025/COP22to25/CarpetCutting-test14_c23.xml.lzma
190,competition/2022-2025/COP22to25/CarpetCutting-test15_c23.xml.lzma
192,competition/2022-2025/COP22to25/CarpetCutting-test17_c23.xml.lzma
193,competition/2022-2025/COP22to25/CarpetCutting-test18_c23.xml.lzma
194,competition/2022-2025/COP22to25/CarpetCutting-test19_c23.xml.lzma
195,competition/2022-2025/COP22to25/CarpetCutting-test20_c23.xml.lzma
251,competition/2022-2025/COP22to25/Coprime-21_c25.xml.lzma
252,competition/2022-2025/COP22to25/Coprime-22_c25.xml.lzma
253,competition/2022-2025/COP22to25/Coprime-23_c25.xml.lzma
254,competition/2022-2025/COP22to25/Coprime-24_c25.xml.lzma
255,competition/2022-2025/COP22to25/Coprime-25_c25.xml.lzma
256,competition/2022-2025/COP22to25/Coprime-30_c25.xml.lzma
257,competition/2022-2025/COP22to25/Coprime-40_c25.xml.lzma
357,competition/2022-2025/COP22to25/FlexibleJobshopScen-dh-5-16-005_c25.xml.lzma
358,competition/2022-2025/COP22to25/FlexibleJobshopScen-dh-5-16-020_c25.xml.lzma
359,competition/2022-2025/COP22to25/FlexibleJobshopScen-dh-5-16-080_c25.xml.lzma
360,competition/2022-2025/COP22to25/FlexibleJobshopScen-dh-5-16-200_c25.xml.lzma
361,competition/2022-2025/COP22to25/FlexibleJobshopScen-dh-5-16-400_c25.xml.lzma
362,competition/2022-2025/COP22to25/FlexibleJobshopScen-dh-5-20-005_c25.xml.lzma
363,competition/2022-2025/COP22to25/FlexibleJobshopScen-dh-5-20-020_c25.xml.lzma
364,competition/2022-2025/COP22to25/FlexibleJobshopScen-dh-5-20-080_c25.xml.lzma
365,competition/2022-2025/COP22to25/FlexibleJobshopScen-dh-5-20-200_c25.xml.lzma
366,competition/2022-2025/COP22to25/FlexibleJobshopScen-dh-5-20-400_c25.xml.lzma
367,competition/2022-2025/COP22to25/FlexibleJobshopScen-dh-6-18-005_c25.xml.lzma
368,competition/2022-2025/COP22to25/FlexibleJobshopScen-dh-6-18-020_c25.xml.lzma
369,competition/2022-2025/COP22to25/FlexibleJobshopScen-dh-6-18-080_c25.xml.lzma
370,competition/2022-2025/COP22to25/FlexibleJobshopScen-dh-6-18-200_c25.xml.lzma
371,competition/2022-2025/COP22to25/FlexibleJobshopScen-dh-6-18-400_c25.xml.lzma
395,competition/2022-2025/COP22to25/Fortress1-09_c25.xml.lzma
396,competition/2022-2025/COP22to25/Fortress1-10_c25.xml.lzma
420,competition/2022-2025/COP22to25/GBACP-table-UD06_c23.xml.lzma
428,competition/2022-2025/COP22to25/GeneralizedMKP-0-OR05x250-25-1_c23.xml.lzma
431,competition/2022-2025/COP22to25/GeneralizedMKP-0-OR05x500-25-1_c23.xml.lzma
432,competition/2022-2025/COP22to25/GeneralizedMKP-0-OR05x500-50-1_c23.xml.lzma
433,competition/2022-2025/COP22to25/GeneralizedMKP-0-OR05x500-75-1_c23.xml.lzma
434,competition/2022-2025/COP22to25/GeneralizedMKP-0-OR10x250-25-1_c23.xml.lzma
435,competition/2022-2025/COP22to25/GeneralizedMKP-0-OR10x250-50-1_c23.xml.lzma
436,competition/2022-2025/COP22to25/GeneralizedMKP-0-OR10x250-75-1_c23.xml.lzma
437,competition/2022-2025/COP22to25/GeneralizedMKP-0-OR30x500-25-1_c23.xml.lzma
438,competition/2022-2025/COP22to25/GeneralizedMKP-0-OR30x500-50-1_c23.xml.lzma
439,competition/2022-2025/COP22to25/GeneralizedMKP-0-OR30x500-75-1_c23.xml.lzma
475,competition/2022-2025/COP22to25/IHTC-i08_c25.xml.lzma
481,competition/2022-2025/COP22to25/IHTC-i18_c25.xml.lzma
482,competition/2022-2025/COP22to25/IHTC-i29_c25.xml.lzma
483,competition/2022-2025/COP22to25/IHTC-i30_c25.xml.lzma
488,competition/2022-2025/COP22to25/ItemsetMining-k1-mushroom_c22.xml.lzma
489,competition/2022-2025/COP22to25/ItemsetMining-k1-pendigits_c22.xml.lzma
490,competition/2022-2025/COP22to25/ItemsetMining-k1-splice-1_c22.xml.lzma
493,competition/2022-2025/COP22to25/ItemsetMining-k2-german-credit_c22.xml.lzma
495,competition/2022-2025/COP22to25/ItemsetMining-k2-kr-vs-kp_c22.xml.lzma
496,competition/2022-2025/COP22to25/ItemsetMining-k2-segment_c22.xml.lzma
498,competition/2022-2025/COP22to25/ItemsetMining-k2-yeast_c22.xml.lzma
513,competition/2022-2025/COP22to25/KMedian-aux-pmed15_c23.xml.lzma
528,competition/2022-2025/COP22to25/LargeScaleScheduling-00100-0_c23.xml.lzma
529,competition/2022-2025/COP22to25/LargeScaleScheduling-00200-0_c23.xml.lzma
530,competition/2022-2025/COP22to25/LargeScaleScheduling-00400-0_c23.xml.lzma
531,competition/2022-2025/COP22to25/LargeScaleScheduling-00800-0_c23.xml.lzma
532,competition/2022-2025/COP22to25/LargeScaleScheduling-01600-0_c23.xml.lzma
533,competition/2022-2025/COP22to25/LargeScaleScheduling-03200-0_c23.xml.lzma
534,competition/2022-2025/COP22to25/LargeScaleScheduling-06400-0_c23.xml.lzma
535,competition/2022-2025/COP22to25/LargeScaleScheduling-12800-0_c23.xml.lzma
536,competition/2022-2025/COP22to25/LargeScaleScheduling-25600-0_c23.xml.lzma
543,competition/2022-2025/COP22to25/LitPuzzle-25_c24.xml.lzma
545,competition/2022-2025/COP22to25/LitPuzzle-40_c24.xml.lzma
546,competition/2022-2025/COP22to25/LitPuzzle-50_c24.xml.lzma
558,competition/2022-2025/COP22to25/LowAutocorrelation-800_c25.xml.lzma
572,competition/2022-2025/COP22to25/MaximumDensityOscillatingLife-7-5_c24.xml.lzma
573,competition/2022-2025/COP22to25/MaximumDensityOscillatingLife-7-6_c24.xml.lzma
579,competition/2022-2025/COP22to25/MetabolicNetwork-36_c25.xml.lzma
580,competition/2022-2025/COP22to25/MetabolicNetwork-37_c25.xml.lzma
581,competition/2022-2025/COP22to25/MetabolicNetwork-38_c25.xml.lzma
582,competition/2022-2025/COP22to25/MetabolicNetwork-39_c25.xml.lzma
583,competition/2022-2025/COP22to25/MetabolicNetwork-40_c25.xml.lzma
585,competition/2022-2025/COP22to25/MetabolicNetwork-43_c25.xml.lzma
586,competition/2022-2025/COP22to25/MetabolicNetwork-45_c25.xml.lzma
587,competition/2022-2025/COP22to25/MetabolicNetwork-47_c25.xml.lzma
588,competition/2022-2025/COP22to25/MetabolicNetwork-49_c25.xml.lzma
627,competition/2022-2025/COP22to25/NurseRostering-19_c22.xml.lzma
628,competition/2022-2025/COP22to25/NurseRostering-20_c22.xml.lzma
635,competition/2022-2025/COP22to25/NursingWorkload-3zones0_c22.xml.lzma
638,competition/2022-2025/COP22to25/NursingWorkload-3zones3_c22.xml.lzma
639,competition/2022-2025/COP22to25/NursingWorkload-3zones4_c22.xml.lzma
640,competition/2022-2025/COP22to25/NursingWorkload-6zones_c22.xml.lzma
669,competition/2022-2025/COP22to25/Pyramid-12-10000_c24.xml.lzma
670,competition/2022-2025/COP22to25/Pyramid-13-20000_c24.xml.lzma
671,competition/2022-2025/COP22to25/Pyramid-14-45000_c24.xml.lzma
672,competition/2022-2025/COP22to25/Pyramid-15-80000_c24.xml.lzma
673,competition/2022-2025/COP22to25/Pyramid-16-200000_c24.xml.lzma
724,competition/2022-2025/COP22to25/RoadefPlaning2-2022-10_c25.xml.lzma
728,competition/2022-2025/COP22to25/RoadefPlaning2-2023-12_c25.xml.lzma
731,competition/2022-2025/COP22to25/RoadefPlaning2-2024-10_c25.xml.lzma
746,competition/2022-2025/COP22to25/RubiksCube-10-4-20-1_c24.xml.lzma
747,competition/2022-2025/COP22to25/RubiksCube-10-4-20-2_c24.xml.lzma
750,competition/2022-2025/COP22to25/RubiksCube-11-4-20-1_c24.xml.lzma
751,competition/2022-2025/COP22to25/RubiksCube-11-4-20-2_c24.xml.lzma
753,competition/2022-2025/COP22to25/RubiksCube-12-4-20-0_c24.xml.lzma
755,competition/2022-2025/COP22to25/RubiksCube-12-4-20-2_c24.xml.lzma
756,competition/2022-2025/COP22to25/RubiksCube-13-4-20-0_c24.xml.lzma
757,competition/2022-2025/COP22to25/RubiksCube-13-4-20-1_c24.xml.lzma
758,competition/2022-2025/COP22to25/RubiksCube-13-4-20-2_c24.xml.lzma
759,competition/2022-2025/COP22to25/Rulemining-fmeas--hab-10-2_c23.xml.lzma
772,competition/2022-2025/COP22to25/SREFLP-Cl30_c23.xml.lzma
788,competition/2022-2025/COP22to25/SameQueensKnights-b-30_c24.xml.lzma
789,competition/2022-2025/COP22to25/SameQueensKnights-b-35_c24.xml.lzma
796,competition/2022-2025/COP22to25/SameQueensKnights-b-70_c24.xml.lzma
797,competition/2022-2025/COP22to25/SameQueensKnights-b-75_c24.xml.lzma
811,competition/2022-2025/COP22to25/SchedulingOS-gp-10-05_c25.xml.lzma
879,competition/2022-2025/COP22to25/TSPTW2-n060w080-1_c23.xml.lzma
885,competition/2022-2025/COP22to25/TankAllocation1-2000_c25.xml.lzma
898,competition/2022-2025/COP22to25/TestScheduling-t020m10r03-1_c24.xml.lzma
899,competition/2022-2025/COP22to25/TestScheduling-t020m10r05-1_c24.xml.lzma
900,competition/2022-2025/COP22to25/TestScheduling-t020m10r10-1_c24.xml.lzma
901,competition/2022-2025/COP22to25/TestScheduling-t030m10r03-1_c24.xml.lzma
902,competition/2022-2025/COP22to25/TestScheduling-t030m10r05-1_c24.xml.lzma
903,competition/2022-2025/COP22to25/TestScheduling-t030m10r10-1_c24.xml.lzma
904,competition/2022-2025/COP22to25/TestScheduling-t030m20r03-1_c24.xml.lzma
905,competition/2022-2025/COP22to25/TestScheduling-t030m20r05-1_c24.xml.lzma
906,competition/2022-2025/COP22to25/TestScheduling-t030m20r10-1_c24.xml.lzma
907,competition/2022-2025/COP22to25/TestScheduling-t050m10r03-1_c24.xml.lzma
908,competition/2022-2025/COP22to25/TestScheduling-t050m10r05-1_c24.xml.lzma
909,competition/2022-2025/COP22to25/TestScheduling-t050m10r10-1_c24.xml.lzma
910,competition/2022-2025/COP22to25/TestScheduling-t050m20r03-1_c24.xml.lzma
911,competition/2022-2025/COP22to25/TestScheduling-t050m20r05-1_c24.xml.lzma
912,competition/2022-2025/COP22to25/TestScheduling-t050m20r10-1_c24.xml.lzma
913,competition/2022-2025/COP22to25/TestScheduling-t100m10r03-1_c24.xml.lzma
914,competition/2022-2025/COP22to25/TestScheduling-t100m10r05-1_c24.xml.lzma
915,competition/2022-2025/COP22to25/TestScheduling-t100m10r10-1_c24.xml.lzma
916,competition/2022-2025/COP22to25/TestScheduling-t100m20r03-1_c24.xml.lzma
917,competition/2022-2025/COP22to25/TestScheduling-t100m20r05-1_c24.xml.lzma
918,competition/2022-2025/COP22to25/TestScheduling-t100m20r10-1_c24.xml.lzma
931,competition/2022-2025/COP22to25/TravelingTournament-galaxy36_c24.xml.lzma
932,competition/2022-2025/COP22to25/TravelingTournament-galaxy40_c24.xml.lzma
981,competition/2022-2025/COP22to25/WordGolf-6-ogd2008-50-1_c24.xml.lzma
982,competition/2022-2025/COP22to25/WordGolf-6-ogd2008-50-2_c24.xml.lzma
984,competition/2022-2025/COP22to25/WordGolf-7-ogd2008-50-0_c24.xml.lzma
987,competition/2022-2025/COP22to25/WordGolf-7-ogd2008-50-3_c24.xml.lzma
