instance_id,instance_relpath
1,competition/2022-2025/COP22to25/AircraftAssemblyLine-1-178-00-0_c23.xml.lzma
2,competition/2022-2025/COP22to25/AircraftAssemblyLine-1-178-20-0_c23.xml.lzma
3,competition/2022-2025/COP22to25/AircraftAssemblyLine-1-178-20-1_c23.xml.lzma
4,competition/2022-2025/COP22to25/AircraftAssemblyLine-1-178-20-2_c23.xml.lzma
5,competition/2022-2025/COP22to25/AircraftAssemblyLine-1-178-50-0_c23.xml.lzma
6,competition/2022-2025/COP22to25/AircraftAssemblyLine-1-178-50-1_c23.xml.lzma
7,competition/2022-2025/COP22to25/AircraftAssemblyLine-1-178-50-2_c23.xml.lzma
8,competition/2022-2025/COP22to25/AircraftAssemblyLine-1-178-70-0_c23.xml.lzma
9,competition/2022-2025/COP22to25/AircraftAssemblyLine-1-178-70-1_c23.xml.lzma
10,competition/2022-2025/COP22to25/AircraftAssemblyLine-1-178-70-2_c23.xml.lzma
11,competition/2022-2025/COP22to25/AircraftAssemblyLine-2-178-00-0_c23.xml.lzma
12,competition/2022-2025/COP22to25/AircraftAssemblyLine-2-178-20-0_c23.xml.lzma
13,competition/2022-2025/COP22to25/AircraftAssemblyLine-2-178-20-1_c23.xml.lzma
14,competition/2022-2025/COP22to25/AircraftAssemblyLine-2-178-20-2_c23.xml.lzma
15,competition/2022-2025/COP22to25/AircraftAssemblyLine-2-178-50-0_c23.xml.lzma
16,competition/2022-2025/COP22to25/AircraftAssemblyLine-2-178-50-1_c23.xml.lzma
17,competition/2022-2025/COP22to25/AircraftAssemblyLine-2-178-50-2_c23.xml.lzma
18,competition/2022-2025/COP22to25/AircraftAssemblyLine-2-178-70-0_c23.xml.lzma
19,competition/2022-2025/COP22to25/AircraftAssemblyLine-2-178-70-1_c23.xml.lzma
20,competition/2022-2025/COP22to25/AircraftAssemblyLine-2-178-70-2_c23.xml.lzma
21,competition/2022-2025/COP22to25/AircraftAssemblyLine-3-628-000-0_c24.xml.lzma
22,competition/2022-2025/COP22to25/AircraftAssemblyLine-3-628-020-0_c24.xml.lzma
23,competition/2022-2025/COP22to25/AircraftAssemblyLine-3-628-020-1_c24.xml.lzma
24,competition/2022-2025/COP22to25/AircraftAssemblyLine-3-628-020-2_c24.xml.lzma
25,competition/2022-2025/COP22to25/AircraftAssemblyLine-3-628-050-0_c24.xml.lzma
26,competition/2022-2025/COP22to25/AircraftAssemblyLine-3-628-050-1_c24.xml.lzma
27,competition/2022-2025/COP22to25/AircraftAssemblyLine-3-628-050-2_c24.xml.lzma
28,competition/2022-2025/COP22to25/AircraftAssemblyLine-3-628-070-0_c24.xml.lzma
29,competition/2022-2025/COP22to25/AircraftAssemblyLine-3-628-070-1_c24.xml.lzma
30,competition/2022-2025/COP22to25/AircraftAssemblyLine-3-628-070-2_c24.xml.lzma
31,competition/2022-2025/COP22to25/AircraftAssemblyLine-3-628-100-0_c24.xml.lzma
32,competition/2022-2025/COP22to25/AircraftAssemblyLine-3-628-100-1_c24.xml.lzma
33,competition/2022-2025/COP22to25/AircraftAssemblyLine-3-628-100-2_c24.xml.lzma
34,competition/2022-2025/COP22to25/AircraftAssemblyLine-3-628-150-0_c24.xml.lzma
35,competition/2022-2025/COP22to25/AircraftAssemblyLine-3-628-150-1_c24.xml.lzma
36,competition/2022-2025/COP22to25/AircraftAssemblyLine-3-628-150-2_c24.xml.lzma
37,competition/2022-2025/COP22to25/AircraftLanding-table-airland01_c22.xml.lzma
38,competition/2022-2025/COP22to25/AircraftLanding-table-airland02_c22.xml.lzma
39,competition/2022-2025/COP22to25/AircraftLanding-table-airland03_c22.xml.lzma
40,competition/2022-2025/COP22to25/AircraftLanding-table-airland04_c22.xml.lzma
41,competition/2022-2025/COP22to25/AircraftLanding-table-airland05_c22.xml.lzma
42,competition/2022-2025/COP22to25/AircraftLanding-table-airland06_c22.xml.lzma
43,competition/2022-2025/COP22to25/AircraftLanding-table-airland07_c22.xml.lzma
44,competition/2022-2025/COP22to25/AircraftLanding-table-airland08_c22.xml.lzma
45,competition/2022-2025/COP22to25/AircraftLanding-table-airland09_c22.xml.lzma
46,competition/2022-2025/COP22to25/AircraftLanding-table-airland10_c22.xml.lzma
47,competition/2022-2025/COP22to25/AircraftLanding-table-airland11_c22.xml.lzma
48,competition/2022-2025/COP22to25/AircraftLanding-table-airland12_c22.xml.lzma
49,competition/2022-2025/COP22to25/AircraftLanding-table-airland13_c22.xml.lzma
50,competition/2022-2025/COP22to25/AlteredStates-02_c25.xml.lzma
51,competition/2022-2025/COP22to25/AlteredStates-03_c25.xml.lzma
52,competition/2022-2025/COP22to25/AlteredStates-04_c25.xml.lzma
53,competition/2022-2025/COP22to25/AlteredStates-05_c25.xml.lzma
54,competition/2022-2025/COP22to25/AlteredStates-06_c25.xml.lzma
55,competition/2022-2025/COP22to25/AlteredStates-08_c25.xml.lzma
56,competition/2022-2025/COP22to25/AlteredStates-10_c25.xml.lzma
57,competition/2022-2025/COP22to25/AlteredStates-12_c25.xml.lzma
58,competition/2022-2025/COP22to25/AlteredStates-15_c25.xml.lzma
59,competition/2022-2025/COP22to25/AlteredStates-bis-02_c25.xml.lzma
60,competition/2022-2025/COP22to25/AlteredStates-bis-03_c25.xml.lzma
61,competition/2022-2025/COP22to25/AlteredStates-bis-04_c25.xml.lzma
62,competition/2022-2025/COP22to25/AlteredStates-bis-05_c25.xml.lzma
63,competition/2022-2025/COP22to25/AlteredStates-bis-06_c25.xml.lzma
64,competition/2022-2025/COP22to25/AlteredStates-bis-08_c25.xml.lzma
65,competition/2022-2025/COP22to25/AlteredStates-bis-10_c25.xml.lzma
66,competition/2022-2025/COP22to25/AlteredStates-bis-12_c25.xml.lzma
67,competition/2022-2025/COP22to25/AlteredStates-bis-15_c25.xml.lzma
68,competition/2022-2025/COP22to25/AztecDiamondSym-03_c24.xml.lzma
69,competition/2022-2025/COP22to25/AztecDiamondSym-04_c24.xml.lzma
70,competition/2022-2025/COP22to25/AztecDiamondSym-05_c24.xml.lzma
71,competition/2022-2025/COP22to25/AztecDiamondSym-06_c24.xml.lzma
72,competition/2022-2025/COP22to25/AztecDiamondSym-07_c24.xml.lzma
73,competition/2022-2025/COP22to25/AztecDiamondSym-08_c24.xml.lzma
74,competition/2022-2025/COP22to25/AztecDiamondSym-09_c24.xml.lzma
75,competition/2022-2025/COP22to25/AztecDiamondSym-10_c24.xml.lzma
76,competition/2022-2025/COP22to25/AztecDiamondSym-12_c24.xml.lzma
77,competition/2022-2025/COP22to25/AztecDiamondSym-15_c24.xml.lzma
78,competition/2022-2025/COP22to25/BeerJugs-dec-01_c23.xml.lzma
79,competition/2022-2025/COP22to25/BeerJugs-dec-03_c23.xml.lzma
80,competition/2022-2025/COP22to25/BeerJugs-dec-05_c23.xml.lzma
81,competition/2022-2025/COP22to25/BeerJugs-dec-06_c23.xml.lzma
82,competition/2022-2025/COP22to25/BeerJugs-dec-07_c23.xml.lzma
83,competition/2022-2025/COP22to25/BeerJugs-dec-08_c23.xml.lzma
84,competition/2022-2025/COP22to25/BeerJugs-dec-09_c23.xml.lzma
85,competition/2022-2025/COP22to25/BeerJugs-dec-10_c23.xml.lzma
86,competition/2022-2025/COP22to25/Benzenoide-06_c23.xml.lzma
87,competition/2022-2025/COP22to25/Benzenoide-07_c23.xml.lzma
88,competition/2022-2025/COP22to25/Benzenoide-08_c23.xml.lzma
89,competition/2022-2025/COP22to25/Benzenoide-09_c23.xml.lzma
90,competition/2022-2025/COP22to25/Benzenoide-10_c23.xml.lzma
91,competition/2022-2025/COP22to25/Benzenoide-11_c23.xml.lzma
92,competition/2022-2025/COP22to25/Benzenoide-12_c23.xml.lzma
93,competition/2022-2025/COP22to25/Benzenoide-13_c23.xml.lzma
94,competition/2022-2025/COP22to25/Benzenoide-14_c23.xml.lzma
95,competition/2022-2025/COP22to25/Benzenoide-15_c23.xml.lzma
96,competition/2022-2025/COP22to25/BinPacking-n1c1w1a_c24.xml.lzma
97,competition/2022-2025/COP22to25/BinPacking-n3c2w1a_c24.xml.lzma
98,competition/2022-2025/COP22to25/BinPacking-n3c3w1a_c24.xml.lzma
99,competition/2022-2025/COP22to25/BinPacking-n3c3w2a_c24.xml.lzma
100,competition/2022-2025/COP22to25/BinPacking-n3c3w4a_c24.xml.lzma
101,competition/2022-2025/COP22to25/BinPacking-n4c1w1a_c24.xml.lzma
102,competition/2022-2025/COP22to25/BinPacking-table-n1c1w1a_c24.xml.lzma
103,competition/2022-2025/COP22to25/BinPacking-table-n3c3w2a_c24.xml.lzma
104,competition/2022-2025/COP22to25/BinPacking-table-n3c3w4a_c24.xml.lzma
105,competition/2022-2025/COP22to25/BinPacking2-n1c1w1a_c24.xml.lzma
106,competition/2022-2025/COP22to25/BinPacking2-n3c2w1a_c24.xml.lzma
107,competition/2022-2025/COP22to25/BinPacking2-n3c3w1a_c24.xml.lzma
108,competition/2022-2025/COP22to25/BinPacking2-n3c3w2a_c24.xml.lzma
109,competition/2022-2025/COP22to25/BinPacking2-n3c3w4a_c24.xml.lzma
110,competition/2022-2025/COP22to25/BinPacking2-n4c1w1a_c24.xml.lzma
111,competition/2022-2025/COP22to25/BlockModeling-kansas-02_c25.xml.lzma
112,competition/2022-2025/COP22to25/BlockModeling-kansas-03_c25.xml.lzma
113,competition/2022-2025/COP22to25/BlockModeling-kansas-05_c25.xml.lzma
114,competition/2022-2025/COP22to25/BlockModeling-kansas-10_c25.xml.lzma
115,competition/2022-2025/COP22to25/BlockModeling-karate-02_c25.xml.lzma
116,competition/2022-2025/COP22to25/BlockModeling-karate-03_c25.xml.lzma
117,competition/2022-2025/COP22to25/BlockModeling-karate-05_c25.xml.lzma
118,competition/2022-2025/COP22to25/BlockModeling-karate-10_c25.xml.lzma
119,competition/2022-2025/COP22to25/BlockModeling-politicalactor-02_c25.xml.lzma
120,competition/2022-2025/COP22to25/BlockModeling-politicalactor-03_c25.xml.lzma
121,competition/2022-2025/COP22to25/BlockModeling-politicalactor-05_c25.xml.lzma
122,competition/2022-2025/COP22to25/BlockModeling-politicalactor-10_c25.xml.lzma
123,competition/2022-2025/COP22to25/BlockModeling-transatlantic-02_c25.xml.lzma
124,competition/2022-2025/COP22to25/BlockModeling-transatlantic-03_c25.xml.lzma
125,competition/2022-2025/COP22to25/BlockModeling-transatlantic-05_c25.xml.lzma
126,competition/2022-2025/COP22to25/BlockModeling-transatlantic-10_c25.xml.lzma
127,competition/2022-2025/COP22to25/BusScheduling-c1_c25.xml.lzma
128,competition/2022-2025/COP22to25/BusScheduling-c1a_c25.xml.lzma
129,competition/2022-2025/COP22to25/BusScheduling-c2_c25.xml.lzma
130,competition/2022-2025/COP22to25/BusScheduling-r1_c25.xml.lzma
131,competition/2022-2025/COP22to25/BusScheduling-r1a_c25.xml.lzma
132,competition/2022-2025/COP22to25/BusScheduling-r2_c25.xml.lzma
133,competition/2022-2025/COP22to25/BusScheduling-r3_c25.xml.lzma
134,competition/2022-2025/COP22to25/BusScheduling-r4_c25.xml.lzma
135,competition/2022-2025/COP22to25/BusScheduling-r5_c25.xml.lzma
136,competition/2022-2025/COP22to25/BusScheduling-r5a_c25.xml.lzma
137,competition/2022-2025/COP22to25/BusScheduling-t1_c25.xml.lzma
138,competition/2022-2025/COP22to25/BusScheduling-t2_c25.xml.lzma
139,competition/2022-2025/COP22to25/ButtonsScissors-00_c25.xml.lzma
140,competition/2022-2025/COP22to25/ButtonsScissors-01_c25.xml.lzma
141,competition/2022-2025/COP22to25/ButtonsScissors-02_c25.xml.lzma
142,competition/2022-2025/COP22to25/ButtonsScissors-03_c25.xml.lzma
143,competition/2022-2025/COP22to25/ButtonsScissors-04_c25.xml.lzma
144,competition/2022-2025/COP22to25/ButtonsScissors-05_c25.xml.lzma
145,competition/2022-2025/COP22to25/ButtonsScissors-06_c25.xml.lzma
146,competition/2022-2025/COP22to25/ButtonsScissors-07_c25.xml.lzma
147,competition/2022-2025/COP22to25/ButtonsScissors-08_c25.xml.lzma
148,competition/2022-2025/COP22to25/ButtonsScissors-09_c25.xml.lzma
149,competition/2022-2025/COP22to25/ButtonsScissors-10_c25.xml.lzma
150,competition/2022-2025/COP22to25/CVRP-A-n32-k5_c22.xml.lzma
151,competition/2022-2025/COP22to25/CVRP-A-n33-k5_c22.xml.lzma
152,competition/2022-2025/COP22to25/CVRP-A-n33-k6_c22.xml.lzma
153,competition/2022-2025/COP22to25/CVRP-A-n34-k5_c22.xml.lzma
154,competition/2022-2025/COP22to25/CVRP-A-n36-k5_c22.xml.lzma
155,competition/2022-2025/COP22to25/CVRP-A-n37-k5_c22.xml.lzma
156,competition/2022-2025/COP22to25/CVRP-A-n37-k6_c22.xml.lzma
157,competition/2022-2025/COP22to25/CVRP-A-n38-k5_c22.xml.lzma
158,competition/2022-2025/COP22to25/CVRP-A-n39-k5_c22.xml.lzma
159,competition/2022-2025/COP22to25/CVRP-A-n39-k6_c22.xml.lzma
160,competition/2022-2025/COP22to25/Cargo-01-0s-1913_c24.xml.lzma
161,competition/2022-2025/COP22to25/Cargo-02-0s-1139_c24.xml.lzma
162,competition/2022-2025/COP22to25/Cargo-04-1s-626_c24.xml.lzma
163,competition/2022-2025/COP22to25/Cargo-05-1s-954_c24.xml.lzma
164,competition/2022-2025/COP22to25/Cargo-06-1s-3927_c24.xml.lzma
165,competition/2022-2025/COP22to25/Cargo-07-1s-133_c24.xml.lzma
166,competition/2022-2025/COP22to25/Cargo-08-222f-3475_c24.xml.lzma
167,competition/2022-2025/COP22to25/Cargo-09-1s-18_c24.xml.lzma
168,competition/2022-2025/COP22to25/Cargo-10-15966f-2060_c24.xml.lzma
169,competition/2022-2025/COP22to25/Cargo-12-1422f-1644_c24.xml.lzma
170,competition/2022-2025/COP22to25/Cargo-16-10720f-4243_c24.xml.lzma
171,competition/2022-2025/COP22to25/Cargo-19-31058f-2548_c24.xml.lzma
172,competition/2022-2025/COP22to25/Cargo-20-27613f-2435_c24.xml.lzma
173,competition/2022-2025/COP22to25/Cargo-22_c24.xml.lzma
174,competition/2022-2025/COP22to25/Cargo-24_c24.xml.lzma
175,competition/2022-2025/COP22to25/Cargo-25_c24.xml.lzma
176,competition/2022-2025/COP22to25/CarpetCutting-test01_c23.xml.lzma
177,competition/2022-2025/COP22to25/CarpetCutting-test02_c23.xml.lzma
178,competition/2022-2025/COP22to25/CarpetCutting-test03_c23.xml.lzma
179,competition/2022-2025/COP22to25/CarpetCutting-test04_c23.xml.lzma
180,competition/2022-2025/COP22to25/CarpetCutting-test05_c23.xml.lzma
181,competition/2022-2025/COP22to25/CarpetCutting-test06_c23.xml.lzma
182,competition/2022-2025/COP22to25/CarpetCutting-test07_c23.xml.lzma
183,competition/2022-2025/COP22to25/CarpetCutting-test08_c23.xml.lzma
184,competition/2022-2025/COP22to25/CarpetCutting-test09_c23.xml.lzma
185,competition/2022-2025/COP22to25/CarpetCutting-test10_c23.xml.lzma
186,competition/2022-2025/COP22to25/CarpetCutting-test11_c23.xml.lzma
187,competition/2022-2025/COP22to25/CarpetCutting-test12_c23.xml.lzma
188,competition/2022-2025/COP22to25/CarpetCutting-test13_c23.xml.lzma
189,competition/2022-2025/COP22to25/CarpetCutting-test14_c23.xml.lzma
190,competition/2022-2025/COP22to25/CarpetCutting-test15_c23.xml.lzma
191,competition/2022-2025/COP22to25/CarpetCutting-test16_c23.xml.lzma
192,competition/2022-2025/COP22to25/CarpetCutting-test17_c23.xml.lzma
193,competition/2022-2025/COP22to25/CarpetCutting-test18_c23.xml.lzma
194,competition/2022-2025/COP22to25/CarpetCutting-test19_c23.xml.lzma
195,competition/2022-2025/COP22to25/CarpetCutting-test20_c23.xml.lzma
196,competition/2022-2025/COP22to25/ChampionsLeague-2024-09_c25.xml.lzma
197,competition/2022-2025/COP22to25/ChampionsLeague-2024-15_c25.xml.lzma
198,competition/2022-2025/COP22to25/ChampionsLeague-2024-18_c25.xml.lzma
199,competition/2022-2025/COP22to25/ChampionsLeague-2024-20_c25.xml.lzma
200,competition/2022-2025/COP22to25/ChampionsLeague-2024-25_c25.xml.lzma
201,competition/2022-2025/COP22to25/ChampionsLeague-2024-30_c25.xml.lzma
202,competition/2022-2025/COP22to25/ChampionsLeague-2024-35_c25.xml.lzma
203,competition/2022-2025/COP22to25/ChampionsLeague-strict-2024-09_c25.xml.lzma
204,competition/2022-2025/COP22to25/ChampionsLeague-strict-2024-15_c25.xml.lzma
205,competition/2022-2025/COP22to25/ChampionsLeague-strict-2024-18_c25.xml.lzma
206,competition/2022-2025/COP22to25/ChampionsLeague-strict-2024-20_c25.xml.lzma
207,competition/2022-2025/COP22to25/ChampionsLeague-strict-2024-25_c25.xml.lzma
208,competition/2022-2025/COP22to25/ChampionsLeague-strict-2024-30_c25.xml.lzma
209,competition/2022-2025/COP22to25/ChampionsLeague-strict-2024-35_c25.xml.lzma
210,competition/2022-2025/COP22to25/Charlotte-06-0_c24.xml.lzma
211,competition/2022-2025/COP22to25/Charlotte-06-1_c24.xml.lzma
212,competition/2022-2025/COP22to25/Charlotte-06-2_c24.xml.lzma
213,competition/2022-2025/COP22to25/Charlotte-12-0_c24.xml.lzma
214,competition/2022-2025/COP22to25/Charlotte-12-1_c24.xml.lzma
215,competition/2022-2025/COP22to25/Charlotte-12-2_c24.xml.lzma
216,competition/2022-2025/COP22to25/Charlotte-18-0_c24.xml.lzma
217,competition/2022-2025/COP22to25/Charlotte-18-1_c24.xml.lzma
218,competition/2022-2025/COP22to25/Charlotte-18-2_c24.xml.lzma
219,competition/2022-2025/COP22to25/Charlotte-24-0_c24.xml.lzma
220,competition/2022-2025/COP22to25/Charlotte-24-1_c24.xml.lzma
221,competition/2022-2025/COP22to25/Charlotte-24-2_c24.xml.lzma
222,competition/2022-2025/COP22to25/ClockTriplet-03-12_c22.xml.lzma
223,competition/2022-2025/COP22to25/ClockTriplet-05-15_c22.xml.lzma
224,competition/2022-2025/COP22to25/ClockTriplet-07-15_c22.xml.lzma
225,competition/2022-2025/COP22to25/ClockTriplet-07-20_c22.xml.lzma
226,competition/2022-2025/COP22to25/ClockTriplet-10-15_c22.xml.lzma
227,competition/2022-2025/COP22to25/ClockTriplet-10-20_c22.xml.lzma
228,competition/2022-2025/COP22to25/ClockTriplet-15-20_c22.xml.lzma
229,competition/2022-2025/COP22to25/ClockTriplet-15-30_c22.xml.lzma
230,competition/2022-2025/COP22to25/ClockTriplet-20-25_c22.xml.lzma
231,competition/2022-2025/COP22to25/ClockTriplet-20-35_c22.xml.lzma
232,competition/2022-2025/COP22to25/CoinsGrid-08-04_c22.xml.lzma
233,competition/2022-2025/COP22to25/CoinsGrid-10-05_c22.xml.lzma
234,competition/2022-2025/COP22to25/CoinsGrid-12-06_c22.xml.lzma
235,competition/2022-2025/COP22to25/CoinsGrid-14-07_c22.xml.lzma
236,competition/2022-2025/COP22to25/CoinsGrid-16-08_c22.xml.lzma
237,competition/2022-2025/COP22to25/CoinsGrid-19-09_c22.xml.lzma
238,competition/2022-2025/COP22to25/CoinsGrid-22-10_c22.xml.lzma
239,competition/2022-2025/COP22to25/CoinsGrid-25-11_c22.xml.lzma
240,competition/2022-2025/COP22to25/CoinsGrid-28-12_c22.xml.lzma
241,competition/2022-2025/COP22to25/CoinsGrid-31-14_c22.xml.lzma
242,competition/2022-2025/COP22to25/Coprime-08_c25.xml.lzma
243,competition/2022-2025/COP22to25/Coprime-10_c25.xml.lzma
244,competition/2022-2025/COP22to25/Coprime-12_c25.xml.lzma
245,competition/2022-2025/COP22to25/Coprime-14_c25.xml.lzma
246,competition/2022-2025/COP22to25/Coprime-16_c25.xml.lzma
247,competition/2022-2025/COP22to25/Coprime-17_c25.xml.lzma
248,competition/2022-2025/COP22to25/Coprime-18_c25.xml.lzma
249,competition/2022-2025/COP22to25/Coprime-19_c25.xml.lzma
250,competition/2022-2025/COP22to25/Coprime-20_c25.xml.lzma
251,competition/2022-2025/COP22to25/Coprime-21_c25.xml.lzma
252,competition/2022-2025/COP22to25/Coprime-22_c25.xml.lzma
253,competition/2022-2025/COP22to25/Coprime-23_c25.xml.lzma
254,competition/2022-2025/COP22to25/Coprime-24_c25.xml.lzma
255,competition/2022-2025/COP22to25/Coprime-25_c25.xml.lzma
256,competition/2022-2025/COP22to25/Coprime-30_c25.xml.lzma
257,competition/2022-2025/COP22to25/Coprime-40_c25.xml.lzma
258,competition/2022-2025/COP22to25/Cutstock-00-0_c25.xml.lzma
259,competition/2022-2025/COP22to25/Cutstock-01-0_c25.xml.lzma
260,competition/2022-2025/COP22to25/Cutstock-02-0_c25.xml.lzma
261,competition/2022-2025/COP22to25/Cutstock-03-0_c25.xml.lzma
262,competition/2022-2025/COP22to25/Cutstock-04-0_c25.xml.lzma
263,competition/2022-2025/COP22to25/Cutstock-07-0_c25.xml.lzma
264,competition/2022-2025/COP22to25/Cutstock-08-0_c25.xml.lzma
265,competition/2022-2025/COP22to25/Cutstock-09-0_c25.xml.lzma
266,competition/2022-2025/COP22to25/Cutstock-10-0_c25.xml.lzma
267,competition/2022-2025/COP22to25/Cutstock-13-0_c25.xml.lzma
268,competition/2022-2025/COP22to25/Cutstock-14-0_c25.xml.lzma
269,competition/2022-2025/COP22to25/Cutstock-15-0_c25.xml.lzma
270,competition/2022-2025/COP22to25/Cutstock-16-0_c25.xml.lzma
271,competition/2022-2025/COP22to25/Cutstock-16-1_c25.xml.lzma
272,competition/2022-2025/COP22to25/Cutstock-16-2_c25.xml.lzma
273,competition/2022-2025/COP22to25/CyclicBandwidth-caterpillar13_c22.xml.lzma
274,competition/2022-2025/COP22to25/CyclicBandwidth-caterpillar16_c22.xml.lzma
275,competition/2022-2025/COP22to25/CyclicBandwidth-caterpillar19_c22.xml.lzma
276,competition/2022-2025/COP22to25/CyclicBandwidth-caterpillar23_c22.xml.lzma
277,competition/2022-2025/COP22to25/CyclicBandwidth-caterpillar29_c22.xml.lzma
278,competition/2022-2025/COP22to25/CyclicBandwidth-caterpillar35_c22.xml.lzma
279,competition/2022-2025/COP22to25/CyclicBandwidth-mesh2D05x08_c22.xml.lzma
280,competition/2022-2025/COP22to25/CyclicBandwidth-mesh2D10x10_c22.xml.lzma
281,competition/2022-2025/COP22to25/CyclicBandwidth-mesh2D25x26_c22.xml.lzma
282,competition/2022-2025/COP22to25/CyclicBandwidth-path100_c22.xml.lzma
283,competition/2022-2025/COP22to25/CyclicBandwidth-path200_c22.xml.lzma
284,competition/2022-2025/COP22to25/CyclicBandwidth-path300_c22.xml.lzma
285,competition/2022-2025/COP22to25/DC-midori-xor4-d1-t0-r03-v128_c22.xml.lzma
286,competition/2022-2025/COP22to25/DC-midori-xor4-d1-t0-r04-v128_c22.xml.lzma
287,competition/2022-2025/COP22to25/DC-midori-xor4-d1-t0-r05-v128_c22.xml.lzma
288,competition/2022-2025/COP22to25/DC-midori-xor4-d1-t0-r06-v128_c22.xml.lzma
289,competition/2022-2025/COP22to25/DC-midori-xor4-d1-t0-r08-v128_c22.xml.lzma
290,competition/2022-2025/COP22to25/DC-midori-xor4-d1-t0-r09-v128_c22.xml.lzma
291,competition/2022-2025/COP22to25/DC-midori-xor4-d1-t0-r14-v128_c22.xml.lzma
292,competition/2022-2025/COP22to25/DC-rijndael-xor5-d1-t0-r03-keysize7-plainsize4_c22.xml.lzma
293,competition/2022-2025/COP22to25/DC-rijndael-xor5-d1-t0-r04-keysize7-plainsize4_c22.xml.lzma
294,competition/2022-2025/COP22to25/DC-rijndael-xor5-d1-t0-r05-keysize7-plainsize4_c22.xml.lzma
295,competition/2022-2025/COP22to25/DC-rijndael-xor5-d1-t0-r06-keysize7-plainsize4_c22.xml.lzma
296,competition/2022-2025/COP22to25/DC-rijndael-xor5-d1-t0-r07-keysize7-plainsize4_c22.xml.lzma
297,competition/2022-2025/COP22to25/DC-rijndael-xor5-d1-t0-r08-keysize7-plainsize4_c22.xml.lzma
298,competition/2022-2025/COP22to25/DC-skinny-xor0-d0-t0-r06-v64-z0_c22.xml.lzma
299,competition/2022-2025/COP22to25/DC-skinny-xor0-d0-t0-r07-v64-z0_c22.xml.lzma
300,competition/2022-2025/COP22to25/DC-skinny-xor0-d0-t0-r08-v64-z0_c22.xml.lzma
301,competition/2022-2025/COP22to25/DC-skinny-xor0-d0-t0-r09-v64-z0_c22.xml.lzma
302,competition/2022-2025/COP22to25/DC-skinny-xor0-d0-t0-r10-v64-z0_c22.xml.lzma
303,competition/2022-2025/COP22to25/DC-skinny-xor0-d0-t0-r11-v64-z0_c22.xml.lzma
304,competition/2022-2025/COP22to25/DC-skinny-xor0-d0-t0-r12-v64-z0_c22.xml.lzma
305,competition/2022-2025/COP22to25/DC-skinny-xor0-d0-t0-r13-v64-z0_c22.xml.lzma
306,competition/2022-2025/COP22to25/DC-skinny-xor0-d0-t0-r14-v64-z0_c22.xml.lzma
307,competition/2022-2025/COP22to25/DC-skinny-xor0-d0-t0-r15-v64-z0_c22.xml.lzma
308,competition/2022-2025/COP22to25/DC-skinny-xor0-d0-t0-r16-v64-z0_c22.xml.lzma
309,competition/2022-2025/COP22to25/DC-skinny-xor0-d0-t0-r17-v64-z0_c22.xml.lzma
310,competition/2022-2025/COP22to25/DC-skinny-xor0-d0-t0-r18-v64-z0_c22.xml.lzma
311,competition/2022-2025/COP22to25/Drinking-000050_c24.xml.lzma
312,competition/2022-2025/COP22to25/Drinking-000100_c24.xml.lzma
313,competition/2022-2025/COP22to25/Drinking-000200_c24.xml.lzma
314,competition/2022-2025/COP22to25/Drinking-000400_c24.xml.lzma
315,competition/2022-2025/COP22to25/Drinking-000700_c24.xml.lzma
316,competition/2022-2025/COP22to25/Drinking-010000_c24.xml.lzma
317,competition/2022-2025/COP22to25/Drinking-020000_c24.xml.lzma
318,competition/2022-2025/COP22to25/Drinking-050000_c24.xml.lzma
319,competition/2022-2025/COP22to25/Drinking-100000_c24.xml.lzma
320,competition/2022-2025/COP22to25/Drinking-200000_c24.xml.lzma
321,competition/2022-2025/COP22to25/EchelonStock2-A01_c22.xml.lzma
322,competition/2022-2025/COP22to25/EchelonStock2-A02_c22.xml.lzma
323,competition/2022-2025/COP22to25/EchelonStock2-A03_c22.xml.lzma
324,competition/2022-2025/COP22to25/EchelonStock2-A04_c22.xml.lzma
325,competition/2022-2025/COP22to25/EchelonStock2-A05_c22.xml.lzma
326,competition/2022-2025/COP22to25/EchelonStock2-A06_c22.xml.lzma
327,competition/2022-2025/COP22to25/EchelonStock2-A07_c22.xml.lzma
328,competition/2022-2025/COP22to25/EchelonStock2-A08_c22.xml.lzma
329,competition/2022-2025/COP22to25/EchelonStock2-A09_c22.xml.lzma
330,competition/2022-2025/COP22to25/EchelonStock2-A10_c22.xml.lzma
331,competition/2022-2025/COP22to25/FAPP-aux-01-0200_c25.xml.lzma
332,competition/2022-2025/COP22to25/FAPP-aux-02-0250_c25.xml.lzma
333,competition/2022-2025/COP22to25/FAPP-aux-03-0300_c25.xml.lzma
334,competition/2022-2025/COP22to25/FAPP-aux-04-0300_c25.xml.lzma
335,competition/2022-2025/COP22to25/FAPP-aux-05-0350_c25.xml.lzma
336,competition/2022-2025/COP22to25/FAPP-aux-06-0500_c25.xml.lzma
337,competition/2022-2025/COP22to25/FAPP-aux-07-0600_c25.xml.lzma
338,competition/2022-2025/COP22to25/FAPP-aux-08-0700_c25.xml.lzma
339,competition/2022-2025/COP22to25/FAPP-aux-09-0800_c25.xml.lzma
340,competition/2022-2025/COP22to25/FAPP-aux-10-0900_c25.xml.lzma
341,competition/2022-2025/COP22to25/FAPP-aux-17-0300_c25.xml.lzma
342,competition/2022-2025/COP22to25/FAPP-aux-18-0350_c25.xml.lzma
343,competition/2022-2025/COP22to25/FAPP-aux-19-0350_c25.xml.lzma
344,competition/2022-2025/COP22to25/FAPP-aux-20-0420_c25.xml.lzma
345,competition/2022-2025/COP22to25/FAPP-aux-21-0500_c25.xml.lzma
346,competition/2022-2025/COP22to25/FAPP-aux-ex1_c25.xml.lzma
347,competition/2022-2025/COP22to25/FAPP-aux-test01-0150_c25.xml.lzma
348,competition/2022-2025/COP22to25/FAPP-aux-test03-0400_c25.xml.lzma
349,competition/2022-2025/COP22to25/Filters-dct-1-1_c22.xml.lzma
350,competition/2022-2025/COP22to25/Filters-dct-1-2_c22.xml.lzma
351,competition/2022-2025/COP22to25/Filters-dct-1-3_c22.xml.lzma
352,competition/2022-2025/COP22to25/Filters-dct-2-2_c22.xml.lzma
353,competition/2022-2025/COP22to25/Filters-dct-2-3_c22.xml.lzma
354,competition/2022-2025/COP22to25/Filters-ewf-1-1_c22.xml.lzma
355,competition/2022-2025/COP22to25/Filters-ewf-1-2_c22.xml.lzma
356,competition/2022-2025/COP22to25/Filters-fir16-1-1_c22.xml.lzma
357,competition/2022-2025/COP22to25/FlexibleJobshopScen-dh-5-16-005_c25.xml.lzma
358,competition/2022-2025/COP22to25/FlexibleJobshopScen-dh-5-16-020_c25.xml.lzma
359,competition/2022-2025/COP22to25/FlexibleJobshopScen-dh-5-16-080_c25.xml.lzma
360,competition/2022-2025/COP22to25/FlexibleJobshopScen-dh-5-16-200_c25.xml.lzma
361,competition/2022-2025/COP22to25/FlexibleJobshopScen-dh-5-16-400_c25.xml.lzma
362,competition/2022-2025/COP22to25/FlexibleJobshopScen-dh-5-20-005_c25.xml.lzma
363,competition/2022-2025/COP22to25/FlexibleJobshopScen-dh-5-20-020_c25.xml.lzma
364,competition/2022-2025/COP22to25/FlexibleJobshopScen-dh-5-20-080_c25.xml.lzma
365,competition/2022-2025/COP22to25/FlexibleJobshopScen-dh-5-20-200_c25.xml.lzma
366,competition/2022-2025/COP22to25/FlexibleJobshopScen-dh-5-20-400_c25.xml.lzma
367,competition/2022-2025/COP22to25/FlexibleJobshopScen-dh-6-18-005_c25.xml.lzma
368,competition/2022-2025/COP22to25/FlexibleJobshopScen-dh-6-18-020_c25.xml.lzma
369,competition/2022-2025/COP22to25/FlexibleJobshopScen-dh-6-18-080_c25.xml.lzma
370,competition/2022-2025/COP22to25/FlexibleJobshopScen-dh-6-18-200_c25.xml.lzma
371,competition/2022-2025/COP22to25/FlexibleJobshopScen-dh-6-18-400_c25.xml.lzma
372,competition/2022-2025/COP22to25/FoolSolitaire-dec2-0-2_c24.xml.lzma
373,competition/2022-2025/COP22to25/FoolSolitaire-dec2-0-3_c24.xml.lzma
374,competition/2022-2025/COP22to25/FoolSolitaire-dec2-0-4_c24.xml.lzma
375,competition/2022-2025/COP22to25/FoolSolitaire-dec2-1-2_c24.xml.lzma
376,competition/2022-2025/COP22to25/FoolSolitaire-dec2-1-3_c24.xml.lzma
377,competition/2022-2025/COP22to25/FoolSolitaire-dec2-1-4_c24.xml.lzma
378,competition/2022-2025/COP22to25/FoolSolitaire-dec2-2-0_c24.xml.lzma
379,competition/2022-2025/COP22to25/FoolSolitaire-dec2-2-1_c24.xml.lzma
380,competition/2022-2025/COP22to25/FoolSolitaire-dec2-2-2_c24.xml.lzma
381,competition/2022-2025/COP22to25/FoolSolitaire-dec2-2-3_c24.xml.lzma
382,competition/2022-2025/COP22to25/FoolSolitaire-dec2-2-4_c24.xml.lzma
383,competition/2022-2025/COP22to25/FoolSolitaire-dec2-2-5_c24.xml.lzma
384,competition/2022-2025/COP22to25/FoolSolitaire-dec2-2-6_c24.xml.lzma
385,competition/2022-2025/COP22to25/FoolSolitaire-dec2-3-0_c24.xml.lzma
386,competition/2022-2025/COP22to25/FoolSolitaire-dec2-3-1_c24.xml.lzma
387,competition/2022-2025/COP22to25/FoolSolitaire-dec2-3-2_c24.xml.lzma
388,competition/2022-2025/COP22to25/FoolSolitaire-dec2-3-3_c24.xml.lzma
389,competition/2022-2025/COP22to25/Fortress1-03_c25.xml.lzma
390,competition/2022-2025/COP22to25/Fortress1-04_c25.xml.lzma
391,competition/2022-2025/COP22to25/Fortress1-05_c25.xml.lzma
392,competition/2022-2025/COP22to25/Fortress1-06_c25.xml.lzma
393,competition/2022-2025/COP22to25/Fortress1-07_c25.xml.lzma
394,competition/2022-2025/COP22to25/Fortress1-08_c25.xml.lzma
395,competition/2022-2025/COP22to25/Fortress1-09_c25.xml.lzma
396,competition/2022-2025/COP22to25/Fortress1-10_c25.xml.lzma
397,competition/2022-2025/COP22to25/Fortress2-03_c25.xml.lzma
398,competition/2022-2025/COP22to25/Fortress2-04_c25.xml.lzma
399,competition/2022-2025/COP22to25/Fortress2-05_c25.xml.lzma
400,competition/2022-2025/COP22to25/Fortress2-06_c25.xml.lzma
401,competition/2022-2025/COP22to25/Fortress2-07_c25.xml.lzma
402,competition/2022-2025/COP22to25/Fortress2-08_c25.xml.lzma
403,competition/2022-2025/COP22to25/Fortress2-09_c25.xml.lzma
404,competition/2022-2025/COP22to25/Fortress2-10_c25.xml.lzma
405,competition/2022-2025/COP22to25/GBACP-UD01_c23.xml.lzma
406,competition/2022-2025/COP22to25/GBACP-UD02_c23.xml.lzma
407,competition/2022-2025/COP22to25/GBACP-UD03_c23.xml.lzma
408,competition/2022-2025/COP22to25/GBACP-UD04_c23.xml.lzma
409,competition/2022-2025/COP22to25/GBACP-UD05_c23.xml.lzma
410,competition/2022-2025/COP22to25/GBACP-UD06_c23.xml.lzma
411,competition/2022-2025/COP22to25/GBACP-UD07_c23.xml.lzma
412,competition/2022-2025/COP22to25/GBACP-UD08_c23.xml.lzma
413,competition/2022-2025/COP22to25/GBACP-UD09_c23.xml.lzma
414,competition/2022-2025/COP22to25/GBACP-UD10_c23.xml.lzma
415,competition/2022-2025/COP22to25/GBACP-table-UD01_c23.xml.lzma
416,competition/2022-2025/COP22to25/GBACP-table-UD02_c23.xml.lzma
417,competition/2022-2025/COP22to25/GBACP-table-UD03_c23.xml.lzma
418,competition/2022-2025/COP22to25/GBACP-table-UD04_c23.xml.lzma
419,competition/2022-2025/COP22to25/GBACP-table-UD05_c23.xml.lzma
420,competition/2022-2025/COP22to25/GBACP-table-UD06_c23.xml.lzma
421,competition/2022-2025/COP22to25/GBACP-table-UD07_c23.xml.lzma
422,competition/2022-2025/COP22to25/GBACP-table-UD08_c23.xml.lzma
423,competition/2022-2025/COP22to25/GBACP-table-UD09_c23.xml.lzma
424,competition/2022-2025/COP22to25/GBACP-table-UD10_c23.xml.lzma
425,competition/2022-2025/COP22to25/GeneralizedMKP-0-OR05x100-25-1_c23.xml.lzma
426,competition/2022-2025/COP22to25/GeneralizedMKP-0-OR05x100-50-1_c23.xml.lzma
427,competition/2022-2025/COP22to25/GeneralizedMKP-0-OR05x100-75-1_c23.xml.lzma
428,competition/2022-2025/COP22to25/GeneralizedMKP-0-OR05x250-25-1_c23.xml.lzma
429,competition/2022-2025/COP22to25/GeneralizedMKP-0-OR05x250-50-1_c23.xml.lzma
430,competition/2022-2025/COP22to25/GeneralizedMKP-0-OR05x250-75-1_c23.xml.lzma
431,competition/2022-2025/COP22to25/GeneralizedMKP-0-OR05x500-25-1_c23.xml.lzma
432,competition/2022-2025/COP22to25/GeneralizedMKP-0-OR05x500-50-1_c23.xml.lzma
433,competition/2022-2025/COP22to25/GeneralizedMKP-0-OR05x500-75-1_c23.xml.lzma
434,competition/2022-2025/COP22to25/GeneralizedMKP-0-OR10x250-25-1_c23.xml.lzma
435,competition/2022-2025/COP22to25/GeneralizedMKP-0-OR10x250-50-1_c23.xml.lzma
436,competition/2022-2025/COP22to25/GeneralizedMKP-0-OR10x250-75-1_c23.xml.lzma
437,competition/2022-2025/COP22to25/GeneralizedMKP-0-OR30x500-25-1_c23.xml.lzma
438,competition/2022-2025/COP22to25/GeneralizedMKP-0-OR30x500-50-1_c23.xml.lzma
439,competition/2022-2025/COP22to25/GeneralizedMKP-0-OR30x500-75-1_c23.xml.lzma
440,competition/2022-2025/COP22to25/HCPizza-10-10-2-6-00_c23.xml.lzma
441,competition/2022-2025/COP22to25/HCPizza-12-12-2-6-00_c23.xml.lzma
442,competition/2022-2025/COP22to25/HCPizza-12-12-2-6-01_c23.xml.lzma
443,competition/2022-2025/COP22to25/HCPizza-12-12-2-6-02_c23.xml.lzma
444,competition/2022-2025/COP22to25/HCPizza-15-15-2-7-00_c23.xml.lzma
445,competition/2022-2025/COP22to25/HCPizza-15-15-2-7-01_c23.xml.lzma
446,competition/2022-2025/COP22to25/HCPizza-15-15-2-7-02_c23.xml.lzma
447,competition/2022-2025/COP22to25/HCPizza-20-20-2-8-00_c23.xml.lzma
448,competition/2022-2025/COP22to25/HCPizza-20-20-2-8-01_c23.xml.lzma
449,competition/2022-2025/COP22to25/HCPizza-20-20-2-8-02_c23.xml.lzma
450,competition/2022-2025/COP22to25/HSP-10405_c23.xml.lzma
451,competition/2022-2025/COP22to25/HSP-11406_c23.xml.lzma
452,competition/2022-2025/COP22to25/HSP-12407_c23.xml.lzma
453,competition/2022-2025/COP22to25/HSP-13408_c23.xml.lzma
454,competition/2022-2025/COP22to25/HSP-14409_c23.xml.lzma
455,competition/2022-2025/COP22to25/HSP-15410_c23.xml.lzma
456,competition/2022-2025/COP22to25/HSP-aux-10405_c23.xml.lzma
457,competition/2022-2025/COP22to25/HSP-aux-11406_c23.xml.lzma
458,competition/2022-2025/COP22to25/HSP-aux-12407_c23.xml.lzma
459,competition/2022-2025/COP22to25/HSP-aux-13408_c23.xml.lzma
460,competition/2022-2025/COP22to25/HSP-aux-14409_c23.xml.lzma
461,competition/2022-2025/COP22to25/HSP-aux-15410_c23.xml.lzma
462,competition/2022-2025/COP22to25/HSP-table-10405_c23.xml.lzma
463,competition/2022-2025/COP22to25/HSP-table-11406_c23.xml.lzma
464,competition/2022-2025/COP22to25/HSP-table-12407_c23.xml.lzma
465,competition/2022-2025/COP22to25/HSP-table-13408_c23.xml.lzma
466,competition/2022-2025/COP22to25/HSP-table-14409_c23.xml.lzma
467,competition/2022-2025/COP22to25/HSP-table-15410_c23.xml.lzma
468,competition/2022-2025/COP22to25/IHTC-i01_c25.xml.lzma
469,competition/2022-2025/COP22to25/IHTC-i02_c25.xml.lzma
470,competition/2022-2025/COP22to25/IHTC-i03_c25.xml.lzma
471,competition/2022-2025/COP22to25/IHTC-i04_c25.xml.lzma
472,competition/2022-2025/COP22to25/IHTC-i05_c25.xml.lzma
473,competition/2022-2025/COP22to25/IHTC-i06_c25.xml.lzma
474,competition/2022-2025/COP22to25/IHTC-i07_c25.xml.lzma
475,competition/2022-2025/COP22to25/IHTC-i08_c25.xml.lzma
476,competition/2022-2025/COP22to25/IHTC-i09_c25.xml.lzma
477,competition/2022-2025/COP22to25/IHTC-i10_c25.xml.lzma
478,competition/2022-2025/COP22to25/IHTC-i11_c25.xml.lzma
479,competition/2022-2025/COP22to25/IHTC-i12_c25.xml.lzma
480,competition/2022-2025/COP22to25/IHTC-i16_c25.xml.lzma
481,competition/2022-2025/COP22to25/IHTC-i18_c25.xml.lzma
482,competition/2022-2025/COP22to25/IHTC-i29_c25.xml.lzma
483,competition/2022-2025/COP22to25/IHTC-i30_c25.xml.lzma
484,competition/2022-2025/COP22to25/ItemsetMining-k1-anneal_c22.xml.lzma
485,competition/2022-2025/COP22to25/ItemsetMining-k1-german-credit_c22.xml.lzma
486,competition/2022-2025/COP22to25/ItemsetMining-k1-hypothyroid_c22.xml.lzma
487,competition/2022-2025/COP22to25/ItemsetMining-k1-ionosphere_c22.xml.lzma
488,competition/2022-2025/COP22to25/ItemsetMining-k1-mushroom_c22.xml.lzma
489,competition/2022-2025/COP22to25/ItemsetMining-k1-pendigits_c22.xml.lzma
490,competition/2022-2025/COP22to25/ItemsetMining-k1-splice-1_c22.xml.lzma
491,competition/2022-2025/COP22to25/ItemsetMining-k1-vehicle_c22.xml.lzma
492,competition/2022-2025/COP22to25/ItemsetMining-k2-audiology_c22.xml.lzma
493,competition/2022-2025/COP22to25/ItemsetMining-k2-german-credit_c22.xml.lzma
494,competition/2022-2025/COP22to25/ItemsetMining-k2-hepatitis_c22.xml.lzma
495,competition/2022-2025/COP22to25/ItemsetMining-k2-kr-vs-kp_c22.xml.lzma
496,competition/2022-2025/COP22to25/ItemsetMining-k2-segment_c22.xml.lzma
497,competition/2022-2025/COP22to25/ItemsetMining-k2-sonar_c22.xml.lzma
498,competition/2022-2025/COP22to25/ItemsetMining-k2-yeast_c22.xml.lzma
499,competition/2022-2025/COP22to25/KMedian-aux-pmed01_c23.xml.lzma
500,competition/2022-2025/COP22to25/KMedian-aux-pmed02_c23.xml.lzma
501,competition/2022-2025/COP22to25/KMedian-aux-pmed03_c23.xml.lzma
502,competition/2022-2025/COP22to25/KMedian-aux-pmed04_c23.xml.lzma
503,competition/2022-2025/COP22to25/KMedian-aux-pmed05_c23.xml.lzma
504,competition/2022-2025/COP22to25/KMedian-aux-pmed06_c23.xml.lzma
505,competition/2022-2025/COP22to25/KMedian-aux-pmed07_c23.xml.lzma
506,competition/2022-2025/COP22to25/KMedian-aux-pmed08_c23.xml.lzma
507,competition/2022-2025/COP22to25/KMedian-aux-pmed09_c23.xml.lzma
508,competition/2022-2025/COP22to25/KMedian-aux-pmed10_c23.xml.lzma
509,competition/2022-2025/COP22to25/KMedian-aux-pmed11_c23.xml.lzma
510,competition/2022-2025/COP22to25/KMedian-aux-pmed12_c23.xml.lzma
511,competition/2022-2025/COP22to25/KMedian-aux-pmed13_c23.xml.lzma
512,competition/2022-2025/COP22to25/KMedian-aux-pmed14_c23.xml.lzma
513,competition/2022-2025/COP22to25/KMedian-aux-pmed15_c23.xml.lzma
514,competition/2022-2025/COP22to25/KidneyExchange-4-041_c23.xml.lzma
515,competition/2022-2025/COP22to25/KidneyExchange-4-051_c23.xml.lzma
516,competition/2022-2025/COP22to25/KidneyExchange-4-061_c23.xml.lzma
517,competition/2022-2025/COP22to25/KidneyExchange-4-071_c23.xml.lzma
518,competition/2022-2025/COP22to25/KidneyExchange-4-081_c23.xml.lzma
519,competition/2022-2025/COP22to25/KidneyExchange-4-091_c23.xml.lzma
520,competition/2022-2025/COP22to25/KidneyExchange-4-101_c23.xml.lzma
521,competition/2022-2025/COP22to25/KidneyExchange-4-111_c23.xml.lzma
522,competition/2022-2025/COP22to25/KidneyExchange-4-121_c23.xml.lzma
523,competition/2022-2025/COP22to25/KidneyExchange-4-131_c23.xml.lzma
524,competition/2022-2025/COP22to25/KidneyExchange-4-141_c23.xml.lzma
525,competition/2022-2025/COP22to25/KidneyExchange-4-151_c23.xml.lzma
526,competition/2022-2025/COP22to25/KidneyExchange-4-161_c23.xml.lzma
527,competition/2022-2025/COP22to25/KidneyExchange-4-171_c23.xml.lzma
528,competition/2022-2025/COP22to25/LargeScaleScheduling-00100-0_c23.xml.lzma
529,competition/2022-2025/COP22to25/LargeScaleScheduling-00200-0_c23.xml.lzma
530,competition/2022-2025/COP22to25/LargeScaleScheduling-00400-0_c23.xml.lzma
531,competition/2022-2025/COP22to25/LargeScaleScheduling-00800-0_c23.xml.lzma
532,competition/2022-2025/COP22to25/LargeScaleScheduling-01600-0_c23.xml.lzma
533,competition/2022-2025/COP22to25/LargeScaleScheduling-03200-0_c23.xml.lzma
534,competition/2022-2025/COP22to25/LargeScaleScheduling-06400-0_c23.xml.lzma
535,competition/2022-2025/COP22to25/LargeScaleScheduling-12800-0_c23.xml.lzma
536,competition/2022-2025/COP22to25/LargeScaleScheduling-25600-0_c23.xml.lzma
537,competition/2022-2025/COP22to25/LitPuzzle-10_c24.xml.lzma
538,competition/2022-2025/COP22to25/LitPuzzle-15_c24.xml.lzma
539,competition/2022-2025/COP22to25/LitPuzzle-16_c24.xml.lzma
540,competition/2022-2025/COP22to25/LitPuzzle-17_c24.xml.lzma
541,competition/2022-2025/COP22to25/LitPuzzle-18_c24.xml.lzma
542,competition/2022-2025/COP22to25/LitPuzzle-20_c24.xml.lzma
543,competition/2022-2025/COP22to25/LitPuzzle-25_c24.xml.lzma
544,competition/2022-2025/COP22to25/LitPuzzle-30_c24.xml.lzma
545,competition/2022-2025/COP22to25/LitPuzzle-40_c24.xml.lzma
546,competition/2022-2025/COP22to25/LitPuzzle-50_c24.xml.lzma
547,competition/2022-2025/COP22to25/LowAutocorrelation-010_c25.xml.lzma
548,competition/2022-2025/COP22to25/LowAutocorrelation-020_c25.xml.lzma
549,competition/2022-2025/COP22to25/LowAutocorrelation-040_c25.xml.lzma
550,competition/2022-2025/COP22to25/LowAutocorrelation-060_c25.xml.lzma
551,competition/2022-2025/COP22to25/LowAutocorrelation-080_c25.xml.lzma
552,competition/2022-2025/COP22to25/LowAutocorrelation-100_c25.xml.lzma
553,competition/2022-2025/COP22to25/LowAutocorrelation-120_c25.xml.lzma
554,competition/2022-2025/COP22to25/LowAutocorrelation-150_c25.xml.lzma
555,competition/2022-2025/COP22to25/LowAutocorrelation-200_c25.xml.lzma
556,competition/2022-2025/COP22to25/LowAutocorrelation-300_c25.xml.lzma
557,competition/2022-2025/COP22to25/LowAutocorrelation-500_c25.xml.lzma
558,competition/2022-2025/COP22to25/LowAutocorrelation-800_c25.xml.lzma
559,competition/2022-2025/COP22to25/MaximumDensityOscillatingLife-5-2_c24.xml.lzma
560,competition/2022-2025/COP22to25/MaximumDensityOscillatingLife-5-3_c24.xml.lzma
561,competition/2022-2025/COP22to25/MaximumDensityOscillatingLife-5-4_c24.xml.lzma
562,competition/2022-2025/COP22to25/MaximumDensityOscillatingLife-5-5_c24.xml.lzma
563,competition/2022-2025/COP22to25/MaximumDensityOscillatingLife-5-6_c24.xml.lzma
564,competition/2022-2025/COP22to25/MaximumDensityOscillatingLife-6-2_c24.xml.lzma
565,competition/2022-2025/COP22to25/MaximumDensityOscillatingLife-6-3_c24.xml.lzma
566,competition/2022-2025/COP22to25/MaximumDensityOscillatingLife-6-4_c24.xml.lzma
567,competition/2022-2025/COP22to25/MaximumDensityOscillatingLife-6-5_c24.xml.lzma
568,competition/2022-2025/COP22to25/MaximumDensityOscillatingLife-6-6_c24.xml.lzma
569,competition/2022-2025/COP22to25/MaximumDensityOscillatingLife-7-2_c24.xml.lzma
570,competition/2022-2025/COP22to25/MaximumDensityOscillatingLife-7-3_c24.xml.lzma
571,competition/2022-2025/COP22to25/MaximumDensityOscillatingLife-7-4_c24.xml.lzma
572,competition/2022-2025/COP22to25/MaximumDensityOscillatingLife-7-5_c24.xml.lzma
573,competition/2022-2025/COP22to25/MaximumDensityOscillatingLife-7-6_c24.xml.lzma
574,competition/2022-2025/COP22to25/MetabolicNetwork-09_c25.xml.lzma
575,competition/2022-2025/COP22to25/MetabolicNetwork-10_c25.xml.lzma
576,competition/2022-2025/COP22to25/MetabolicNetwork-14_c25.xml.lzma
577,competition/2022-2025/COP22to25/MetabolicNetwork-16_c25.xml.lzma
578,competition/2022-2025/COP22to25/MetabolicNetwork-17_c25.xml.lzma
579,competition/2022-2025/COP22to25/MetabolicNetwork-36_c25.xml.lzma
580,competition/2022-2025/COP22to25/MetabolicNetwork-37_c25.xml.lzma
581,competition/2022-2025/COP22to25/MetabolicNetwork-38_c25.xml.lzma
582,competition/2022-2025/COP22to25/MetabolicNetwork-39_c25.xml.lzma
583,competition/2022-2025/COP22to25/MetabolicNetwork-40_c25.xml.lzma
584,competition/2022-2025/COP22to25/MetabolicNetwork-41_c25.xml.lzma
585,competition/2022-2025/COP22to25/MetabolicNetwork-43_c25.xml.lzma
586,competition/2022-2025/COP22to25/MetabolicNetwork-45_c25.xml.lzma
587,competition/2022-2025/COP22to25/MetabolicNetwork-47_c25.xml.lzma
588,competition/2022-2025/COP22to25/MetabolicNetwork-49_c25.xml.lzma
589,competition/2022-2025/COP22to25/MultiAgentPathFinding-table-g16-p10-a05_c22.xml.lzma
590,competition/2022-2025/COP22to25/MultiAgentPathFinding-table-g16-p10-a10_c22.xml.lzma
591,competition/2022-2025/COP22to25/MultiAgentPathFinding-table-g16-p10-a20_c22.xml.lzma
592,competition/2022-2025/COP22to25/MultiAgentPathFinding-table-g16-p20-a20_c22.xml.lzma
593,competition/2022-2025/COP22to25/MultiAgentPathFinding-table-g16-p20-a30_c22.xml.lzma
594,competition/2022-2025/COP22to25/MultiAgentPathFinding-table-g32-p10-a05_c22.xml.lzma
595,competition/2022-2025/COP22to25/MultiAgentPathFinding-table-g32-p10-a10_c22.xml.lzma
596,competition/2022-2025/COP22to25/MultiAgentPathFinding-table-g32-p10-a20_c22.xml.lzma
597,competition/2022-2025/COP22to25/MultiAgentPathFinding-table-g32-p20-a20_c22.xml.lzma
598,competition/2022-2025/COP22to25/MultiAgentPathFinding-table-g32-p20-a30_c22.xml.lzma
599,competition/2022-2025/COP22to25/MultiAgentPathFinding-table-mks-g16-p10-a05_c22.xml.lzma
600,competition/2022-2025/COP22to25/MultiAgentPathFinding-table-mks-g16-p10-a10_c22.xml.lzma
601,competition/2022-2025/COP22to25/MultiAgentPathFinding-table-mks-g16-p10-a20_c22.xml.lzma
602,competition/2022-2025/COP22to25/MultiAgentPathFinding-table-mks-g16-p20-a20_c22.xml.lzma
603,competition/2022-2025/COP22to25/MultiAgentPathFinding-table-mks-g16-p20-a30_c22.xml.lzma
604,competition/2022-2025/COP22to25/MultiAgentPathFinding-table-mks-g32-p10-a05_c22.xml.lzma
605,competition/2022-2025/COP22to25/MultiAgentPathFinding-table-mks-g32-p10-a10_c22.xml.lzma
606,competition/2022-2025/COP22to25/MultiAgentPathFinding-table-mks-g32-p10-a20_c22.xml.lzma
607,competition/2022-2025/COP22to25/MultiAgentPathFinding-table-mks-g32-p20-a20_c22.xml.lzma
608,competition/2022-2025/COP22to25/MultiAgentPathFinding-table-mks-g32-p20-a30_c22.xml.lzma
609,competition/2022-2025/COP22to25/NurseRostering-01_c22.xml.lzma
610,competition/2022-2025/COP22to25/NurseRostering-02_c22.xml.lzma
611,competition/2022-2025/COP22to25/NurseRostering-03_c22.xml.lzma
612,competition/2022-2025/COP22to25/NurseRostering-04_c22.xml.lzma
613,competition/2022-2025/COP22to25/NurseRostering-05_c22.xml.lzma
614,competition/2022-2025/COP22to25/NurseRostering-06_c22.xml.lzma
615,competition/2022-2025/COP22to25/NurseRostering-07_c22.xml.lzma
616,competition/2022-2025/COP22to25/NurseRostering-08_c22.xml.lzma
617,competition/2022-2025/COP22to25/NurseRostering-09_c22.xml.lzma
618,competition/2022-2025/COP22to25/NurseRostering-10_c22.xml.lzma
619,competition/2022-2025/COP22to25/NurseRostering-11_c22.xml.lzma
620,competition/2022-2025/COP22to25/NurseRostering-12_c22.xml.lzma
621,competition/2022-2025/COP22to25/NurseRostering-13_c22.xml.lzma
622,competition/2022-2025/COP22to25/NurseRostering-14_c22.xml.lzma
623,competition/2022-2025/COP22to25/NurseRostering-15_c22.xml.lzma
624,competition/2022-2025/COP22to25/NurseRostering-16_c22.xml.lzma
625,competition/2022-2025/COP22to25/NurseRostering-17_c22.xml.lzma
626,competition/2022-2025/COP22to25/NurseRostering-18_c22.xml.lzma
627,competition/2022-2025/COP22to25/NurseRostering-19_c22.xml.lzma
628,competition/2022-2025/COP22to25/NurseRostering-20_c22.xml.lzma
629,competition/2022-2025/COP22to25/NursingWorkload-15zones_c22.xml.lzma
630,competition/2022-2025/COP22to25/NursingWorkload-2zones0_c22.xml.lzma
631,competition/2022-2025/COP22to25/NursingWorkload-2zones1_c22.xml.lzma
632,competition/2022-2025/COP22to25/NursingWorkload-2zones2_c22.xml.lzma
633,competition/2022-2025/COP22to25/NursingWorkload-2zones3_c22.xml.lzma
634,competition/2022-2025/COP22to25/NursingWorkload-2zones4_c22.xml.lzma
635,competition/2022-2025/COP22to25/NursingWorkload-3zones0_c22.xml.lzma
636,competition/2022-2025/COP22to25/NursingWorkload-3zones1_c22.xml.lzma
637,competition/2022-2025/COP22to25/NursingWorkload-3zones2_c22.xml.lzma
638,competition/2022-2025/COP22to25/NursingWorkload-3zones3_c22.xml.lzma
639,competition/2022-2025/COP22to25/NursingWorkload-3zones4_c22.xml.lzma
640,competition/2022-2025/COP22to25/NursingWorkload-6zones_c22.xml.lzma
641,competition/2022-2025/COP22to25/PSP1-001_c23.xml.lzma
642,competition/2022-2025/COP22to25/PSP1-002_c23.xml.lzma
643,competition/2022-2025/COP22to25/PSP1-003_c23.xml.lzma
644,competition/2022-2025/COP22to25/PSP1-004_c23.xml.lzma
645,competition/2022-2025/COP22to25/PSP1-301_c23.xml.lzma
646,competition/2022-2025/COP22to25/PSP1-302_c23.xml.lzma
647,competition/2022-2025/COP22to25/PSP1-303_c23.xml.lzma
648,competition/2022-2025/COP22to25/PSP1-304_c23.xml.lzma
649,competition/2022-2025/COP22to25/PSP2-001_c23.xml.lzma
650,competition/2022-2025/COP22to25/PSP2-002_c23.xml.lzma
651,competition/2022-2025/COP22to25/PSP2-003_c23.xml.lzma
652,competition/2022-2025/COP22to25/PSP2-004_c23.xml.lzma
653,competition/2022-2025/COP22to25/PSP2-301_c23.xml.lzma
654,competition/2022-2025/COP22to25/PSP2-302_c23.xml.lzma
655,competition/2022-2025/COP22to25/PSP2-303_c23.xml.lzma
656,competition/2022-2025/COP22to25/PSP2-304_c23.xml.lzma
657,competition/2022-2025/COP22to25/ProgressiveParty-rally-red12-05_c23.xml.lzma
658,competition/2022-2025/COP22to25/ProgressiveParty-rally-red12-07_c23.xml.lzma
659,competition/2022-2025/COP22to25/ProgressiveParty-rally-red12-09_c23.xml.lzma
660,competition/2022-2025/COP22to25/ProgressiveParty-rally-red42-03_c23.xml.lzma
661,competition/2022-2025/COP22to25/ProgressiveParty-rally-red42-06_c23.xml.lzma
662,competition/2022-2025/COP22to25/ProgressiveParty-rally-red42-09_c23.xml.lzma
663,competition/2022-2025/COP22to25/ProgressiveParty-rally-red42-12_c23.xml.lzma
664,competition/2022-2025/COP22to25/Pyramid-07-500_c24.xml.lzma
665,competition/2022-2025/COP22to25/Pyramid-08-800_c24.xml.lzma
666,competition/2022-2025/COP22to25/Pyramid-09-1300_c24.xml.lzma
667,competition/2022-2025/COP22to25/Pyramid-10-2500_c24.xml.lzma
668,competition/2022-2025/COP22to25/Pyramid-11-5000_c24.xml.lzma
669,competition/2022-2025/COP22to25/Pyramid-12-10000_c24.xml.lzma
670,competition/2022-2025/COP22to25/Pyramid-13-20000_c24.xml.lzma
671,competition/2022-2025/COP22to25/Pyramid-14-45000_c24.xml.lzma
672,competition/2022-2025/COP22to25/Pyramid-15-80000_c24.xml.lzma
673,competition/2022-2025/COP22to25/Pyramid-16-200000_c24.xml.lzma
674,competition/2022-2025/COP22to25/RCPSP-j120-01-01_c22.xml.lzma
675,competition/2022-2025/COP22to25/RCPSP-j120-01-02_c22.xml.lzma
676,competition/2022-2025/COP22to25/RCPSP-j120-01-03_c22.xml.lzma
677,competition/2022-2025/COP22to25/RCPSP-j120-01-04_c22.xml.lzma
678,competition/2022-2025/COP22to25/RCPSP-j120-01-05_c22.xml.lzma
679,competition/2022-2025/COP22to25/RCPSP-j120-01-06_c22.xml.lzma
680,competition/2022-2025/COP22to25/RCPSP-j120-01-07_c22.xml.lzma
681,competition/2022-2025/COP22to25/RCPSP-j120-01-08_c22.xml.lzma
682,competition/2022-2025/COP22to25/RCPSP-j120-01-09_c22.xml.lzma
683,competition/2022-2025/COP22to25/RCPSP-j120-01-10_c22.xml.lzma
684,competition/2022-2025/COP22to25/RIP-25-0-j060-01-01_c23.xml.lzma
685,competition/2022-2025/COP22to25/RIP-25-0-j090-01-01_c23.xml.lzma
686,competition/2022-2025/COP22to25/RIP-25-0-j120-01-01_c23.xml.lzma
687,competition/2022-2025/COP22to25/RIP-25-1-j060-10-01_c23.xml.lzma
688,competition/2022-2025/COP22to25/RIP-25-1-j090-10-01_c23.xml.lzma
689,competition/2022-2025/COP22to25/RIP-25-1-j120-10-01_c23.xml.lzma
690,competition/2022-2025/COP22to25/RIP-25-2-j060-20-01_c23.xml.lzma
691,competition/2022-2025/COP22to25/RIP-25-2-j090-20-01_c23.xml.lzma
692,competition/2022-2025/COP22to25/RIP-25-2-j120-20-01_c23.xml.lzma
693,competition/2022-2025/COP22to25/RIP-25-3-j060-30-01_c23.xml.lzma
694,competition/2022-2025/COP22to25/RIP-25-3-j090-30-01_c23.xml.lzma
695,competition/2022-2025/COP22to25/RIP-25-3-j120-30-01_c23.xml.lzma
696,competition/2022-2025/COP22to25/RLFAP-graph-01-opt_c22.xml.lzma
697,competition/2022-2025/COP22to25/RLFAP-graph-02-opt_c22.xml.lzma
698,competition/2022-2025/COP22to25/RLFAP-graph-03-opt_c22.xml.lzma
699,competition/2022-2025/COP22to25/RLFAP-graph-04-opt_c22.xml.lzma
700,competition/2022-2025/COP22to25/RLFAP-graph-05-opt_c22.xml.lzma
701,competition/2022-2025/COP22to25/RLFAP-graph-06-opt_c22.xml.lzma
702,competition/2022-2025/COP22to25/RLFAP-graph-07-opt_c22.xml.lzma
703,competition/2022-2025/COP22to25/RLFAP-graph-08-opt_c22.xml.lzma
704,competition/2022-2025/COP22to25/RLFAP-graph-09-opt_c22.xml.lzma
705,competition/2022-2025/COP22to25/RLFAP-graph-10-opt_c22.xml.lzma
706,competition/2022-2025/COP22to25/RLFAP-graph-11-opt_c22.xml.lzma
707,competition/2022-2025/COP22to25/RLFAP-graph-12-opt_c22.xml.lzma
708,competition/2022-2025/COP22to25/RLFAP-graph-13-opt_c22.xml.lzma
709,competition/2022-2025/COP22to25/RLFAP-graph-14-opt_c22.xml.lzma
710,competition/2022-2025/COP22to25/RLFAP-scen-01-opt_c22.xml.lzma
711,competition/2022-2025/COP22to25/RLFAP-scen-02-opt_c22.xml.lzma
712,competition/2022-2025/COP22to25/RLFAP-scen-03-opt_c22.xml.lzma
713,competition/2022-2025/COP22to25/RLFAP-scen-04-opt_c22.xml.lzma
714,competition/2022-2025/COP22to25/RLFAP-scen-05-opt_c22.xml.lzma
715,competition/2022-2025/COP22to25/RLFAP-scen-06-opt_c22.xml.lzma
716,competition/2022-2025/COP22to25/RLFAP-scen-07-opt_c22.xml.lzma
717,competition/2022-2025/COP22to25/RLFAP-scen-08-opt_c22.xml.lzma
718,competition/2022-2025/COP22to25/RLFAP-scen-09-opt_c22.xml.lzma
719,competition/2022-2025/COP22to25/RLFAP-scen-10-opt_c22.xml.lzma
720,competition/2022-2025/COP22to25/RLFAP-scen-11-opt_c22.xml.lzma
721,competition/2022-2025/COP22to25/RoadefPlaning2-2021-04_c25.xml.lzma
722,competition/2022-2025/COP22to25/RoadefPlaning2-2021-05_c25.xml.lzma
723,competition/2022-2025/COP22to25/RoadefPlaning2-2021-06_c25.xml.lzma
724,competition/2022-2025/COP22to25/RoadefPlaning2-2022-10_c25.xml.lzma
725,competition/2022-2025/COP22to25/RoadefPlaning2-2022-11_c25.xml.lzma
726,competition/2022-2025/COP22to25/RoadefPlaning2-2022-12_c25.xml.lzma
727,competition/2022-2025/COP22to25/RoadefPlaning2-2023-11_c25.xml.lzma
728,competition/2022-2025/COP22to25/RoadefPlaning2-2023-12_c25.xml.lzma
729,competition/2022-2025/COP22to25/RoadefPlaning2-2023-13_c25.xml.lzma
730,competition/2022-2025/COP22to25/RoadefPlaning2-2024-09_c25.xml.lzma
731,competition/2022-2025/COP22to25/RoadefPlaning2-2024-10_c25.xml.lzma
732,competition/2022-2025/COP22to25/RoadefPlaning2-2024-11_c25.xml.lzma
733,competition/2022-2025/COP22to25/RollerSplat-04-20_c25.xml.lzma
734,competition/2022-2025/COP22to25/RollerSplat-05a-30_c25.xml.lzma
735,competition/2022-2025/COP22to25/RollerSplat-05b-50_c25.xml.lzma
736,competition/2022-2025/COP22to25/RollerSplat-05c-70_c25.xml.lzma
737,competition/2022-2025/COP22to25/RollerSplat-05d-90_c25.xml.lzma
738,competition/2022-2025/COP22to25/RollerSplat-06a-30_c25.xml.lzma
739,competition/2022-2025/COP22to25/RollerSplat-06b-50_c25.xml.lzma
740,competition/2022-2025/COP22to25/RollerSplat-06c-70_c25.xml.lzma
741,competition/2022-2025/COP22to25/RollerSplat-06d-90_c25.xml.lzma
742,competition/2022-2025/COP22to25/RollerSplat-07a-30_c25.xml.lzma
743,competition/2022-2025/COP22to25/RollerSplat-07b-50_c25.xml.lzma
744,competition/2022-2025/COP22to25/RollerSplat-07c-70_c25.xml.lzma
745,competition/2022-2025/COP22to25/RubiksCube-10-4-20-0_c24.xml.lzma
746,competition/2022-2025/COP22to25/RubiksCube-10-4-20-1_c24.xml.lzma
747,competition/2022-2025/COP22to25/RubiksCube-10-4-20-2_c24.xml.lzma
748,competition/2022-2025/COP22to25/RubiksCube-10-4-20-3_c24.xml.lzma
749,competition/2022-2025/COP22to25/RubiksCube-11-4-20-0_c24.xml.lzma
750,competition/2022-2025/COP22to25/RubiksCube-11-4-20-1_c24.xml.lzma
751,competition/2022-2025/COP22to25/RubiksCube-11-4-20-2_c24.xml.lzma
752,competition/2022-2025/COP22to25/RubiksCube-11-4-20-3_c24.xml.lzma
753,competition/2022-2025/COP22to25/RubiksCube-12-4-20-0_c24.xml.lzma
754,competition/2022-2025/COP22to25/RubiksCube-12-4-20-1_c24.xml.lzma
755,competition/2022-2025/COP22to25/RubiksCube-12-4-20-2_c24.xml.lzma
756,competition/2022-2025/COP22to25/RubiksCube-13-4-20-0_c24.xml.lzma
757,competition/2022-2025/COP22to25/RubiksCube-13-4-20-1_c24.xml.lzma
758,competition/2022-2025/COP22to25/RubiksCube-13-4-20-2_c24.xml.lzma
759,competition/2022-2025/COP22to25/Rulemining-fmeas--hab-10-2_c23.xml.lzma
760,competition/2022-2025/COP22to25/Rulemining-hab-07-3-30_c23.xml.lzma
761,competition/2022-2025/COP22to25/Rulemining-hab-07-3-50_c23.xml.lzma
762,competition/2022-2025/COP22to25/Rulemining-hab-08-3-30_c23.xml.lzma
763,competition/2022-2025/COP22to25/Rulemining-hab-08-3-50_c23.xml.lzma
764,competition/2022-2025/COP22to25/Rulemining-hab-09-3-30_c23.xml.lzma
765,competition/2022-2025/COP22to25/Rulemining-hab-09-3-50_c23.xml.lzma
766,competition/2022-2025/COP22to25/Rulemining-hab-10-3-30_c23.xml.lzma
767,competition/2022-2025/COP22to25/Rulemining-hab-10-3-50_c23.xml.lzma
768,competition/2022-2025/COP22to25/SREFLP-Cl07_c23.xml.lzma
769,competition/2022-2025/COP22to25/SREFLP-Cl12_c23.xml.lzma
770,competition/2022-2025/COP22to25/SREFLP-Cl15_c23.xml.lzma
771,competition/2022-2025/COP22to25/SREFLP-Cl20_c23.xml.lzma
772,competition/2022-2025/COP22to25/SREFLP-Cl30_c23.xml.lzma
773,competition/2022-2025/COP22to25/SREFLP-sko042-1_c23.xml.lzma
774,competition/2022-2025/COP22to25/SREFLP-sko042-2_c23.xml.lzma
775,competition/2022-2025/COP22to25/SREFLP-sko042-3_c23.xml.lzma
776,competition/2022-2025/COP22to25/SREFLP-sko042-4_c23.xml.lzma
777,competition/2022-2025/COP22to25/SREFLP-sko042-5_c23.xml.lzma
778,competition/2022-2025/COP22to25/SREFLP-sko049-1_c23.xml.lzma
779,competition/2022-2025/COP22to25/SREFLP-sko049-2_c23.xml.lzma
780,competition/2022-2025/COP22to25/SREFLP-sko049-3_c23.xml.lzma
781,competition/2022-2025/COP22to25/SREFLP-sko049-4_c23.xml.lzma
782,competition/2022-2025/COP22to25/SREFLP-sko049-5_c23.xml.lzma
783,competition/2022-2025/COP22to25/SameQueensKnights-b-05_c24.xml.lzma
784,competition/2022-2025/COP22to25/SameQueensKnights-b-10_c24.xml.lzma
785,competition/2022-2025/COP22to25/SameQueensKnights-b-15_c24.xml.lzma
786,competition/2022-2025/COP22to25/SameQueensKnights-b-20_c24.xml.lzma
787,competition/2022-2025/COP22to25/SameQueensKnights-b-25_c24.xml.lzma
788,competition/2022-2025/COP22to25/SameQueensKnights-b-30_c24.xml.lzma
789,competition/2022-2025/COP22to25/SameQueensKnights-b-35_c24.xml.lzma
790,competition/2022-2025/COP22to25/SameQueensKnights-b-40_c24.xml.lzma
791,competition/2022-2025/COP22to25/SameQueensKnights-b-45_c24.xml.lzma
792,competition/2022-2025/COP22to25/SameQueensKnights-b-50_c24.xml.lzma
793,competition/2022-2025/COP22to25/SameQueensKnights-b-55_c24.xml.lzma
794,competition/2022-2025/COP22to25/SameQueensKnights-b-60_c24.xml.lzma
795,competition/2022-2025/COP22to25/SameQueensKnights-b-65_c24.xml.lzma
796,competition/2022-2025/COP22to25/SameQueensKnights-b-70_c24.xml.lzma
797,competition/2022-2025/COP22to25/SameQueensKnights-b-75_c24.xml.lzma
798,competition/2022-2025/COP22to25/SchedulingOS-gp-04-01_c25.xml.lzma
799,competition/2022-2025/COP22to25/SchedulingOS-gp-04-05_c25.xml.lzma
800,competition/2022-2025/COP22to25/SchedulingOS-gp-05-01_c25.xml.lzma
801,competition/2022-2025/COP22to25/SchedulingOS-gp-05-05_c25.xml.lzma
802,competition/2022-2025/COP22to25/SchedulingOS-gp-06-01_c25.xml.lzma
803,competition/2022-2025/COP22to25/SchedulingOS-gp-06-05_c25.xml.lzma
804,competition/2022-2025/COP22to25/SchedulingOS-gp-07-01_c25.xml.lzma
805,competition/2022-2025/COP22to25/SchedulingOS-gp-07-05_c25.xml.lzma
806,competition/2022-2025/COP22to25/SchedulingOS-gp-08-01_c25.xml.lzma
807,competition/2022-2025/COP22to25/SchedulingOS-gp-08-05_c25.xml.lzma
808,competition/2022-2025/COP22to25/SchedulingOS-gp-09-01_c25.xml.lzma
809,competition/2022-2025/COP22to25/SchedulingOS-gp-09-05_c25.xml.lzma
810,competition/2022-2025/COP22to25/SchedulingOS-gp-10-01_c25.xml.lzma
811,competition/2022-2025/COP22to25/SchedulingOS-gp-10-05_c25.xml.lzma
812,competition/2022-2025/COP22to25/Sonet-s2ring02_c23.xml.lzma
813,competition/2022-2025/COP22to25/Sonet-s3ring01_c23.xml.lzma
814,competition/2022-2025/COP22to25/Sonet-s3ring02_c23.xml.lzma
815,competition/2022-2025/COP22to25/Sonet-s3ring03_c23.xml.lzma
816,competition/2022-2025/COP22to25/Sonet-s3ring04_c23.xml.lzma
817,competition/2022-2025/COP22to25/Sonet-s3ring05_c23.xml.lzma
818,competition/2022-2025/COP22to25/Sonet-s3ring06_c23.xml.lzma
819,competition/2022-2025/COP22to25/Sonet-s3ring07_c23.xml.lzma
820,competition/2022-2025/COP22to25/Sonet-s3ring08_c23.xml.lzma
821,competition/2022-2025/COP22to25/Sonet-s3ring09_c23.xml.lzma
822,competition/2022-2025/COP22to25/Sonet-s3ring10_c23.xml.lzma
823,competition/2022-2025/COP22to25/Sonet-s3ring11_c23.xml.lzma
824,competition/2022-2025/COP22to25/Sonet-s3ring12_c23.xml.lzma
825,competition/2022-2025/COP22to25/Sonet-s3ring13_c23.xml.lzma
826,competition/2022-2025/COP22to25/Sonet-s3ring14_c23.xml.lzma
827,competition/2022-2025/COP22to25/Sonet-s3ring15_c23.xml.lzma
828,competition/2022-2025/COP22to25/Spot5-0005_c22.xml.lzma
829,competition/2022-2025/COP22to25/Spot5-0028_c22.xml.lzma
830,competition/2022-2025/COP22to25/Spot5-0029_c22.xml.lzma
831,competition/2022-2025/COP22to25/Spot5-0042_c22.xml.lzma
832,competition/2022-2025/COP22to25/Spot5-0054_c22.xml.lzma
833,competition/2022-2025/COP22to25/Spot5-0412_c22.xml.lzma
834,competition/2022-2025/COP22to25/Spot5-0414_c22.xml.lzma
835,competition/2022-2025/COP22to25/Spot5-0503_c22.xml.lzma
836,competition/2022-2025/COP22to25/Spot5-1401_c22.xml.lzma
837,competition/2022-2025/COP22to25/Spot5-1502_c22.xml.lzma
838,competition/2022-2025/COP22to25/StillLife-05-05_c24.xml.lzma
839,competition/2022-2025/COP22to25/StillLife-08-08_c24.xml.lzma
840,competition/2022-2025/COP22to25/StillLife-08-10_c24.xml.lzma
841,competition/2022-2025/COP22to25/StillLife-09-09_c24.xml.lzma
842,competition/2022-2025/COP22to25/StillLife-09-12_c24.xml.lzma
843,competition/2022-2025/COP22to25/StillLife-10-10_c24.xml.lzma
844,competition/2022-2025/COP22to25/StillLife-10-14_c24.xml.lzma
845,competition/2022-2025/COP22to25/StillLife-12-12_c24.xml.lzma
846,competition/2022-2025/COP22to25/StillLife-12-18_c24.xml.lzma
847,competition/2022-2025/COP22to25/StillLife-wastage-05-05_c24.xml.lzma
848,competition/2022-2025/COP22to25/StillLife-wastage-10-10_c24.xml.lzma
849,competition/2022-2025/COP22to25/StillLife-wastage-15-15_c24.xml.lzma
850,competition/2022-2025/COP22to25/StillLife-wastage-20-20_c24.xml.lzma
851,competition/2022-2025/COP22to25/StillLife-wastage-30-30_c24.xml.lzma
852,competition/2022-2025/COP22to25/StillLife-wastage-40-40_c24.xml.lzma
853,competition/2022-2025/COP22to25/StillLife-wastage-50-50_c24.xml.lzma
854,competition/2022-2025/COP22to25/TAL-01_c22.xml.lzma
855,competition/2022-2025/COP22to25/TAL-02_c22.xml.lzma
856,competition/2022-2025/COP22to25/TAL-03_c22.xml.lzma
857,competition/2022-2025/COP22to25/TAL-04_c22.xml.lzma
858,competition/2022-2025/COP22to25/TAL-05_c22.xml.lzma
859,competition/2022-2025/COP22to25/TAL-06_c22.xml.lzma
860,competition/2022-2025/COP22to25/TAL-07_c22.xml.lzma
861,competition/2022-2025/COP22to25/TAL-08_c22.xml.lzma
862,competition/2022-2025/COP22to25/TAL-09_c22.xml.lzma
863,competition/2022-2025/COP22to25/TAL-10_c22.xml.lzma
864,competition/2022-2025/COP22to25/TSPTW1-n020w020-1_c23.xml.lzma
865,competition/2022-2025/COP22to25/TSPTW1-n020w040-1_c23.xml.lzma
866,competition/2022-2025/COP22to25/TSPTW1-n020w060-1_c23.xml.lzma
867,competition/2022-2025/COP22to25/TSPTW1-n020w080-1_c23.xml.lzma
868,competition/2022-2025/COP22to25/TSPTW1-n040w020-1_c23.xml.lzma
869,competition/2022-2025/COP22to25/TSPTW1-n040w040-1_c23.xml.lzma
870,competition/2022-2025/COP22to25/TSPTW1-n040w060-1_c23.xml.lzma
871,competition/2022-2025/COP22to25/TSPTW1-n040w080-1_c23.xml.lzma
872,competition/2022-2025/COP22to25/TSPTW2-n040w020-1_c23.xml.lzma
873,competition/2022-2025/COP22to25/TSPTW2-n040w040-1_c23.xml.lzma
874,competition/2022-2025/COP22to25/TSPTW2-n040w060-1_c23.xml.lzma
875,competition/2022-2025/COP22to25/TSPTW2-n040w080-1_c23.xml.lzma
876,competition/2022-2025/COP22to25/TSPTW2-n060w020-1_c23.xml.lzma
877,competition/2022-2025/COP22to25/TSPTW2-n060w040-1_c23.xml.lzma
878,competition/2022-2025/COP22to25/TSPTW2-n060w060-1_c23.xml.lzma
879,competition/2022-2025/COP22to25/TSPTW2-n060w080-1_c23.xml.lzma
880,competition/2022-2025/COP22to25/TankAllocation1-0000_c25.xml.lzma
881,competition/2022-2025/COP22to25/TankAllocation1-0400_c25.xml.lzma
882,competition/2022-2025/COP22to25/TankAllocation1-0800_c25.xml.lzma
883,competition/2022-2025/COP22to25/TankAllocation1-1200_c25.xml.lzma
884,competition/2022-2025/COP22to25/TankAllocation1-1600_c25.xml.lzma
885,competition/2022-2025/COP22to25/TankAllocation1-2000_c25.xml.lzma
886,competition/2022-2025/COP22to25/TankAllocation1-2400_c25.xml.lzma
887,competition/2022-2025/COP22to25/TankAllocation1-2591_c25.xml.lzma
888,competition/2022-2025/COP22to25/TankAllocation1-chemical_c25.xml.lzma
889,competition/2022-2025/COP22to25/TankAllocation2-0000_c25.xml.lzma
890,competition/2022-2025/COP22to25/TankAllocation2-0400_c25.xml.lzma
891,competition/2022-2025/COP22to25/TankAllocation2-0800_c25.xml.lzma
892,competition/2022-2025/COP22to25/TankAllocation2-1200_c25.xml.lzma
893,competition/2022-2025/COP22to25/TankAllocation2-1600_c25.xml.lzma
894,competition/2022-2025/COP22to25/TankAllocation2-2000_c25.xml.lzma
895,competition/2022-2025/COP22to25/TankAllocation2-2400_c25.xml.lzma
896,competition/2022-2025/COP22to25/TankAllocation2-2591_c25.xml.lzma
897,competition/2022-2025/COP22to25/TankAllocation2-chemical_c25.xml.lzma
898,competition/2022-2025/COP22to25/TestScheduling-t020m10r03-1_c24.xml.lzma
899,competition/2022-2025/COP22to25/TestScheduling-t020m10r05-1_c24.xml.lzma
900,competition/2022-2025/COP22to25/TestScheduling-t020m10r10-1_c24.xml.lzma
901,competition/2022-2025/COP22to25/TestScheduling-t030m10r03-1_c24.xml.lzma
902,competition/2022-2025/COP22to25/TestScheduling-t030m10r05-1_c24.xml.lzma
903,competition/2022-2025/COP22to25/TestScheduling-t030m10r10-1_c24.xml.lzma
904,competition/2022-2025/COP22to25/TestScheduling-t030m20r03-1_c24.xml.lzma
905,competition/2022-2025/COP22to25/TestScheduling-t030m20r05-1_c24.xml.lzma
906,competition/2022-2025/COP22to25/TestScheduling-t030m20r10-1_c24.xml.lzma
907,competition/2022-2025/COP22to25/TestScheduling-t050m10r03-1_c24.xml.lzma
908,competition/2022-2025/COP22to25/TestScheduling-t050m10r05-1_c24.xml.lzma
909,competition/2022-2025/COP22to25/TestScheduling-t050m10r10-1_c24.xml.lzma
910,competition/2022-2025/COP22to25/TestScheduling-t050m20r03-1_c24.xml.lzma
911,competition/2022-2025/COP22to25/TestScheduling-t050m20r05-1_c24.xml.lzma
912,competition/2022-2025/COP22to25/TestScheduling-t050m20r10-1_c24.xml.lzma
913,competition/2022-2025/COP22to25/TestScheduling-t100m10r03-1_c24.xml.lzma
914,competition/2022-2025/COP22to25/TestScheduling-t100m10r05-1_c24.xml.lzma
915,competition/2022-2025/COP22to25/TestScheduling-t100m10r10-1_c24.xml.lzma
916,competition/2022-2025/COP22to25/TestScheduling-t100m20r03-1_c24.xml.lzma
917,competition/2022-2025/COP22to25/TestScheduling-t100m20r05-1_c24.xml.lzma
918,competition/2022-2025/COP22to25/TestScheduling-t100m20r10-1_c24.xml.lzma
919,competition/2022-2025/COP22to25/TravelingTournament-galaxy04_c24.xml.lzma
920,competition/2022-2025/COP22to25/TravelingTournament-galaxy06_c24.xml.lzma
921,competition/2022-2025/COP22to25/TravelingTournament-galaxy08_c24.xml.lzma
922,competition/2022-2025/COP22to25/TravelingTournament-galaxy10_c24.xml.lzma
923,competition/2022-2025/COP22to25/TravelingTournament-galaxy12_c24.xml.lzma
924,competition/2022-2025/COP22to25/TravelingTournament-galaxy14_c24.xml.lzma
925,competition/2022-2025/COP22to25/TravelingTournament-galaxy16_c24.xml.lzma
926,competition/2022-2025/COP22to25/TravelingTournament-galaxy18_c24.xml.lzma
927,competition/2022-2025/COP22to25/TravelingTournament-galaxy20_c24.xml.lzma
928,competition/2022-2025/COP22to25/TravelingTournament-galaxy24_c24.xml.lzma
929,competition/2022-2025/COP22to25/TravelingTournament-galaxy28_c24.xml.lzma
930,competition/2022-2025/COP22to25/TravelingTournament-galaxy32_c24.xml.lzma
931,competition/2022-2025/COP22to25/TravelingTournament-galaxy36_c24.xml.lzma
932,competition/2022-2025/COP22to25/TravelingTournament-galaxy40_c24.xml.lzma
933,competition/2022-2025/COP22to25/Triangular-10_c22.xml.lzma
934,competition/2022-2025/COP22to25/Triangular-15_c22.xml.lzma
935,competition/2022-2025/COP22to25/Triangular-20_c22.xml.lzma
936,competition/2022-2025/COP22to25/Triangular-22_c22.xml.lzma
937,competition/2022-2025/COP22to25/Triangular-25_c22.xml.lzma
938,competition/2022-2025/COP22to25/Triangular-28_c22.xml.lzma
939,competition/2022-2025/COP22to25/Triangular-30_c22.xml.lzma
940,competition/2022-2025/COP22to25/Triangular-32_c22.xml.lzma
941,competition/2022-2025/COP22to25/Triangular-35_c22.xml.lzma
942,competition/2022-2025/COP22to25/Triangular-38_c22.xml.lzma
943,competition/2022-2025/COP22to25/VRP_LC-09-05-10-s1_c24.xml.lzma
944,competition/2022-2025/COP22to25/VRP_LC-09-05-10-s2_c24.xml.lzma
945,competition/2022-2025/COP22to25/VRP_LC-09-05-10-s3_c24.xml.lzma
946,competition/2022-2025/COP22to25/VRP_LC-09-05-15-s2_c24.xml.lzma
947,competition/2022-2025/COP22to25/VRP_LC-09-05-15-s3_c24.xml.lzma
948,competition/2022-2025/COP22to25/VRP_LC-10-05-20-s3_c24.xml.lzma
949,competition/2022-2025/COP22to25/VRP_LC-11-05-15-s3_c24.xml.lzma
950,competition/2022-2025/COP22to25/VRP_LC-11-05-15-s4_c24.xml.lzma
951,competition/2022-2025/COP22to25/VRP_LC-13-11-15-s3_c24.xml.lzma
952,competition/2022-2025/COP22to25/VRP_LC-13-11-20-s4_c24.xml.lzma
953,competition/2022-2025/COP22to25/WarOrPeace-08_c22.xml.lzma
954,competition/2022-2025/COP22to25/WarOrPeace-09_c22.xml.lzma
955,competition/2022-2025/COP22to25/WarOrPeace-10_c22.xml.lzma
956,competition/2022-2025/COP22to25/WarOrPeace-12_c22.xml.lzma
957,competition/2022-2025/COP22to25/WarOrPeace-14_c22.xml.lzma
958,competition/2022-2025/COP22to25/WarOrPeace-or-08_c22.xml.lzma
959,competition/2022-2025/COP22to25/WarOrPeace-or-09_c22.xml.lzma
960,competition/2022-2025/COP22to25/WarOrPeace-or-10_c22.xml.lzma
961,competition/2022-2025/COP22to25/WarOrPeace-or-12_c22.xml.lzma
962,competition/2022-2025/COP22to25/WarOrPeace-or-14_c22.xml.lzma
963,competition/2022-2025/COP22to25/Warehouse-40-80-00_c22.xml.lzma
964,competition/2022-2025/COP22to25/Warehouse-40-80-01_c22.xml.lzma
965,competition/2022-2025/COP22to25/Warehouse-40-80-02_c22.xml.lzma
966,competition/2022-2025/COP22to25/Warehouse-50-100-00_c22.xml.lzma
967,competition/2022-2025/COP22to25/Warehouse-50-100-01_c22.xml.lzma
968,competition/2022-2025/COP22to25/Warehouse-50-100-02_c22.xml.lzma
969,competition/2022-2025/COP22to25/Warehouse-60-120-00_c22.xml.lzma
970,competition/2022-2025/COP22to25/Warehouse-60-120-01_c22.xml.lzma
971,competition/2022-2025/COP22to25/Warehouse-60-120-02_c22.xml.lzma
972,competition/2022-2025/COP22to25/WordGolf-4-ogd2008-50-0_c24.xml.lzma
973,competition/2022-2025/COP22to25/WordGolf-4-ogd2008-50-1_c24.xml.lzma
974,competition/2022-2025/COP22to25/WordGolf-4-ogd2008-50-2_c24.xml.lzma
975,competition/2022-2025/COP22to25/WordGolf-4-ogd2008-50-3_c24.xml.lzma
976,competition/2022-2025/COP22to25/WordGolf-5-ogd2008-50-0_c24.xml.lzma
977,competition/2022-2025/COP22to25/WordGolf-5-ogd2008-50-1_c24.xml.lzma
978,competition/2022-2025/COP22to25/WordGolf-5-ogd2008-50-2_c24.xml.lzma
979,competition/2022-2025/COP22to25/WordGolf-5-ogd2008-50-3_c24.xml.lzma
980,competition/2022-2025/COP22to25/WordGolf-6-ogd2008-50-0_c24.xml.lzma
981,competition/2022-2025/COP22to25/WordGolf-6-ogd2008-50-1_c24.xml.lzma
982,competition/2022-2025/COP22to25/WordGolf-6-ogd2008-50-2_c24.xml.lzma
983,competition/2022-2025/COP22to25/WordGolf-6-ogd2008-50-3_c24.xml.lzma
984,competition/2022-2025/COP22to25/WordGolf-7-ogd2008-50-0_c24.xml.lzma
985,competition/2022-2025/COP22to25/WordGolf-7-ogd2008-50-1_c24.xml.lzma
986,competition/2022-2025/COP22to25/WordGolf-7-ogd2008-50-2_c24.xml.lzma
987,competition/2022-2025/COP22to25/WordGolf-7-ogd2008-50-3_c24.xml.lzma
988,competition/2022-2025/COP22to25/Wordpress-04-05-500_c24.xml.lzma
989,competition/2022-2025/COP22to25/Wordpress-04-06-500_c24.xml.lzma
990,competition/2022-2025/COP22to25/Wordpress-04-07-500_c24.xml.lzma
991,competition/2022-2025/COP22to25/Wordpress-04-08-500_c24.xml.lzma
992,competition/2022-2025/COP22to25/Wordpress-04-09-500_c24.xml.lzma
993,competition/2022-2025/COP22to25/Wordpress-04-10-500_c24.xml.lzma
994,competition/2022-2025/COP22to25/Wordpress-08-20-500_c24.xml.lzma
995,competition/2022-2025/COP22to25/Wordpress-12-30-500_c24.xml.lzma
996,competition/2022-2025/COP22to25/Wordpress-16-40-500_c24.xml.lzma
997,competition/2022-2025/COP22to25/Wordpress-20-50-500_c24.xml.lzma
998,competition/2022-2025/COP22to25/Wordpress-24-60-500_c24.xml.lzma
999,competition/2022-2025/COP22to25/Wordpress-28-70-500_c24.xml.lzma
1000,competition/2022-2025/COP22to25/Wordpress-32-80-500_c24.xml.lzma
